date,value
1/12/2022,42723.37
1/11/2022,41849
1/10/2022,41864.44
1/9/2022,41690.93
1/8/2022,41528.04
1/7/2022,43120.63
1/6/2022,43436.17
1/5/2022,45862.98
1/4/2022,46441.99
1/3/2022,47327.87
1/2/2022,47763.33
1/1/2022,46249.56
12/31/2021,47132.96
12/30/2021,46408.87
12/29/2021,47601.26
12/28/2021,50692.3
12/27/2021,50801.11
12/26/2021,50470.89
12/25/2021,50814.92
12/24/2021,50785.69
12/23/2021,48628.35
12/22/2021,48934.57
12/21/2021,46910.13
12/20/2021,46689.28
12/19/2021,46863.67
12/18/2021,46173.51
12/17/2021,47658.38
12/16/2021,48884.66
12/15/2021,48392.79
12/14/2021,46757.09
12/13/2021,50117.25
12/12/2021,49379.67
12/11/2021,47137.46
12/10/2021,47659.68
12/9/2021,50511.12
12/8/2021,50645.41
12/7/2021,50564.63
12/6/2021,49380.43
12/5/2021,49253.86
12/4/2021,53713.84
12/3/2021,56508.48
12/2/2021,57229.76
12/1/2021,57025.79
11/30/2021,57828.45
11/29/2021,57292.28
11/28/2021,54801.15
11/27/2021,53588.21
11/26/2021,58935.45
11/25/2021,57187.54
11/24/2021,57578.22
11/23/2021,56301.52
11/22/2021,58755.9
11/21/2021,59777.98
11/20/2021,58133.02
11/19/2021,56921.34
11/18/2021,60381.35
11/17/2021,60172.26
11/16/2021,63584.25
11/15/2021,65468.75
11/14/2021,64420.94
11/13/2021,64254.67
11/12/2021,64838.81
11/11/2021,64976.73
11/10/2021,66954.11
11/9/2021,67562.17
11/8/2021,63293.22
11/7/2021,61516.31
11/6/2021,61072.32
11/5/2021,61441.83
11/4/2021,62954.86
11/3/2021,63241.11
11/2/2021,61029.5
11/1/2021,61373.44
10/31/2021,61731.29
10/30/2021,62249.18
10/29/2021,60587.09
10/28/2021,58538.49
10/27/2021,60345.17
10/26/2021,63070.54
10/25/2021,60884.18
10/24/2021,61277.28
10/23/2021,60697.06
10/22/2021,62354.86
10/21/2021,66063.56
10/20/2021,64287.64
10/19/2021,61971.59
10/18/2021,61546.21
10/17/2021,60948.78
10/16/2021,61641.17
10/15/2021,57397.74
10/14/2021,57406.69
10/13/2021,56242.94
10/12/2021,57452.01
10/11/2021,54625.74
10/10/2021,55122.59
10/9/2021,53867.3
10/8/2021,53801.1
10/7/2021,55343.76
10/6/2021,51505.83
10/5/2021,49143.95
10/4/2021,48205.72
10/3/2021,47727.1
10/2/2021,48140.11
10/1/2021,43757.81
9/30/2021,41522.38
9/29/2021,41011.16
9/28/2021,42238.2
9/27/2021,43182.63
9/26/2021,42742.01
9/25/2021,42815.56
9/24/2021,44888.96
9/23/2021,43604.76
9/22/2021,40619.27
9/21/2021,42901.56
9/20/2021,47249.38
9/19/2021,48259.45
9/18/2021,47263.6
9/17/2021,47785.26
9/16/2021,48167.85
9/15/2021,47072.12
9/14/2021,44968.76
9/13/2021,46059.12
9/12/2021,45144.79
9/11/2021,44847.48
9/10/2021,46368.69
9/9/2021,46078.38
9/8/2021,46809.17
9/7/2021,52677.4
9/6/2021,51769.06
9/5/2021,49947.38
9/4/2021,50035.33
9/3/2021,49329.01
9/2/2021,48862.76
9/1/2021,47155.87
8/31/2021,47074.77
8/30/2021,48806.78
8/29/2021,48897.65
8/28/2021,49056.86
8/27/2021,46962.8
8/26/2021,48972.09
8/25/2021,47744.58
8/24/2021,49523.5
8/23/2021,49335.68
8/22/2021,48932.02
8/21/2021,49327.75
8/20/2021,46734.65
8/19/2021,44777.86
8/18/2021,44648.57
8/17/2021,45982.55
8/16/2021,47056.41
8/15/2021,47112.19
8/14/2021,47833.98
8/13/2021,44417.78
8/12/2021,45611.46
8/11/2021,45608.37
8/10/2021,46333.46
8/9/2021,43816.14
8/8/2021,44634.13
8/7/2021,42825.95
8/6/2021,40882
8/5/2021,39750.14
8/4/2021,38138
8/3/2021,39193.94
8/2/2021,40000.46
8/1/2021,41659.06
7/31/2021,42214.15
7/30/2021,40005.93
7/29/2021,40002.53
7/28/2021,39405.95
7/27/2021,37318.14
7/26/2021,35365.2
7/25/2021,34279.34
7/24/2021,33581.63
7/23/2021,32297.89
7/22/2021,32118.06
7/21/2021,29790.24
7/20/2021,30815.94
7/19/2021,31783.49
7/18/2021,31520.66
7/17/2021,31421.25
7/16/2021,31738.59
7/15/2021,32814.61
7/14/2021,32686.56
7/13/2021,33158.25
7/12/2021,34227.64
7/11/2021,33515.57
7/10/2021,33818.52
7/9/2021,32877.41
7/8/2021,33839.04
7/7/2021,34211.01
7/6/2021,33747.97
7/5/2021,35309.3
7/4/2021,34688.98
7/3/2021,33856.86
7/2/2021,33536.88
7/1/2021,35047.36
6/30/2021,35847.7
6/29/2021,34456.67
6/28/2021,34644.45
6/27/2021,32160.91
6/26/2021,31640.58
6/25/2021,34639.38
6/24/2021,33674.66
6/23/2021,32447.59
6/22/2021,31686.55
6/21/2021,35592.35
6/20/2021,35524.17
6/19/2021,35729.82
6/18/2021,38068.04
6/17/2021,38324.87
6/16/2021,40188.56
6/15/2021,40525.8
6/14/2021,39066.82
6/13/2021,35494.9
6/12/2021,37313.18
6/11/2021,36704.57
6/10/2021,37338.36
6/9/2021,33450.19
6/8/2021,33514.87
6/7/2021,35816.17
6/6/2021,35530.38
6/5/2021,36885.51
6/4/2021,39188.59
6/3/2021,37585.24
6/2/2021,36662.64
6/1/2021,37310.54
5/31/2021,35684.59
5/30/2021,34647.67
5/29/2021,35689.62
5/28/2021,38445.29
5/27/2021,39266.04
5/26/2021,38410.5
5/25/2021,38728.59
5/24/2021,34754.54
5/23/2021,37528.3
5/22/2021,37280.35
5/21/2021,40784.32
5/20/2021,36964.27
5/19/2021,42912.19
5/18/2021,43596.24
5/17/2021,46441.64
5/16/2021,46736.58
5/15/2021,49922.52
5/14/2021,49702.27
5/13/2021,49007.09
5/12/2021,56750
5/11/2021,55883.5
5/10/2021,58280.73
5/9/2021,58928.81
5/8/2021,57380.27
5/7/2021,56428.16
5/6/2021,57473.23
5/5/2021,53241.72
5/4/2021,57213.33
5/3/2021,56610.46
5/2/2021,57857.5
5/1/2021,57796.62
4/30/2021,53584.15
4/29/2021,54884.1
4/28/2021,55071.46
4/27/2021,54056.64
4/26/2021,49075.58
4/25/2021,50110.53
4/24/2021,51153.13
4/23/2021,51731.71
4/22/2021,53808.8
4/21/2021,56507.91
4/20/2021,55703.14
4/19/2021,56251.48
4/18/2021,60087.09
4/17/2021,61455.98
4/16/2021,63252.63
4/15/2021,62969.12
4/14/2021,63554.44
4/13/2021,59834.74
4/12/2021,59964.87
4/11/2021,59774
4/10/2021,58102.58
4/9/2021,58048.59
4/8/2021,55947.27
4/7/2021,58020.46
4/6/2021,59054.1
4/5/2021,58206.55
4/4/2021,57076.49
4/3/2021,59031.32
4/2/2021,58736.92
4/1/2021,58735.25
3/31/2021,58730.13
3/30/2021,57627.67
3/29/2021,55783.71
3/28/2021,55863.93
3/27/2021,55074.47
3/26/2021,51415.92
3/25/2021,52508.23
3/24/2021,54477.46
3/23/2021,54204.96
3/22/2021,57411.17
3/21/2021,58085.8
3/20/2021,58075.1
3/19/2021,57665.9
3/18/2021,58913
3/17/2021,56872.38
3/16/2021,55754.72
3/15/2021,59133.47
3/14/2021,61258.73
3/13/2021,57253.28
3/12/2021,57764
3/11/2021,55997.23
3/10/2021,54881.52
3/9/2021,52299.33
3/8/2021,51169.7
3/7/2021,48881.59
3/6/2021,48861.38
3/5/2021,48448.91
3/4/2021,50477.7
3/3/2021,48356.04
3/2/2021,49618.43
3/1/2021,45113.92
2/28/2021,46155.87
2/27/2021,46340.31
2/26/2021,46800.42
2/25/2021,50624.84
2/24/2021,48880.43
2/23/2021,54123.4
2/22/2021,57487.86
2/21/2021,56001.2
2/20/2021,55916.5
2/19/2021,51608.15
2/18/2021,52118.23
2/17/2021,49160.1
2/16/2021,47951.85
2/15/2021,48720.37
2/14/2021,47185.19
2/13/2021,47471.4
2/12/2021,48013.38
2/11/2021,44878.17
2/10/2021,46589.58
2/9/2021,46364.3
2/8/2021,38928.1
2/7/2021,39323.26
2/6/2021,38278.61
2/5/2021,37002.09
2/4/2021,37676.25
2/3/2021,35529.66
2/2/2021,33522.9
2/1/2021,33136.46
1/31/2021,34318.1
1/30/2021,34314.26
1/29/2021,33403.17
1/28/2021,30419.17
1/27/2021,32541.8
1/26/2021,32243.26
1/25/2021,32276.84
1/24/2021,32099.74
1/23/2021,33002.38
1/22/2021,30797.88
1/21/2021,35538.98
1/20/2021,36020.13
1/19/2021,36632.35
1/18/2021,35793.01
1/17/2021,36065.2
1/16/2021,36828.52
1/15/2021,39158.47
1/14/2021,37393.13
1/13/2021,34011.82
1/12/2021,35544.94
1/11/2021,38240.09
1/10/2021,40240.72
1/9/2021,40670.25
1/8/2021,39486.04
1/7/2021,36860.41
1/6/2021,34046.67
1/5/2021,32035.03
1/4/2021,33000.78
1/3/2021,32195.46
1/2/2021,29393.75
1/1/2021,28982.56
12/31/2020,28856.59
12/30/2020,27376.37
12/29/2020,27036.69
12/28/2020,26246.58
12/27/2020,26443.21
12/26/2020,24693.58
12/25/2020,23715.53
12/24/2020,23253.37
12/23/2020,23824.99
12/22/2020,22745.48
12/21/2020,23490.58
12/20/2020,23869.92
12/19/2020,23150.79
12/18/2020,22847.46
12/17/2020,21379.48
12/16/2020,19439.75
12/15/2020,19276.59
12/14/2020,19164.48
12/13/2020,18803.44
12/12/2020,18029.36
12/11/2020,18247.76
12/10/2020,18554.15
12/9/2020,18318.87
12/8/2020,19181.41
12/7/2020,19377.66
12/6/2020,19155.06
12/5/2020,18670.49
12/4/2020,19454.54
12/3/2020,19226.97
12/2/2020,18792.52
12/1/2020,19709.73
11/30/2020,18191.6
11/29/2020,17732.42
11/28/2020,17138.87
11/27/2020,17151.44
11/26/2020,18739.8
11/25/2020,19172.52
11/24/2020,18398.91
11/23/2020,18422.28
11/22/2020,18699.75
11/21/2020,18687.45
11/20/2020,17820.57
11/19/2020,17798.45
11/18/2020,17679.72
11/17/2020,16725.15
11/16/2020,15968.16
11/15/2020,16091.07
11/14/2020,16339.33
11/13/2020,16295.57
11/12/2020,15708.65
11/11/2020,15317.04
11/10/2020,15328.53
11/9/2020,15490.6
11/8/2020,14839.84
11/7/2020,15595.77
11/6/2020,15591.39
11/5/2020,14155.59
11/4/2020,14023.31
11/3/2020,13575.17
11/2/2020,13758.88
11/1/2020,13810.32
10/31/2020,13564.72
10/30/2020,13458.66
10/29/2020,13289
10/28/2020,13651.47
10/27/2020,13076.37
10/26/2020,13036.77
10/25/2020,13128.46
10/24/2020,12944.52
10/23/2020,12990.25
10/22/2020,12831.56
10/21/2020,11925.46
10/20/2020,11758.16
10/19/2020,11508.2
10/18/2020,11366.51
10/17/2020,11327.57
10/16/2020,11503.73
10/15/2020,11431.32
10/14/2020,11428.24
10/13/2020,11540.04
10/12/2020,11376.61
10/11/2020,11302.67
10/10/2020,11063.19
10/9/2020,10923.3
10/8/2020,10670.8
10/7/2020,10603.74
10/6/2020,10788.56
10/5/2020,10673.46
10/4/2020,10551.77
10/3/2020,10575.06
10/2/2020,10619.24
10/1/2020,10777.92
9/30/2020,10840.8
9/29/2020,10692.33
9/28/2020,10774.24
9/27/2020,10732.4
9/26/2020,10692.84
9/25/2020,10732.43
9/24/2020,10234.48
9/23/2020,10532.22
9/22/2020,10430.46
9/21/2020,10919.65
9/20/2020,11081.43
9/19/2020,10931.79
9/18/2020,10943.89
9/17/2020,10948.43
9/16/2020,10785.62
9/15/2020,10674.64
9/14/2020,10330.77
9/13/2020,10446.44
9/12/2020,10395.44
9/11/2020,10352.66
9/10/2020,10227.83
9/9/2020,10121.52
9/8/2020,10367.74
9/7/2020,10254.93
9/6/2020,10159.62
9/5/2020,10467.89
9/4/2020,10187.51
9/3/2020,11397.44
9/2/2020,11923.25
9/1/2020,11659.57
8/31/2020,11707.78
8/30/2020,11481.64
8/29/2020,11534.75
8/28/2020,11302.01
8/27/2020,11467.37
8/26/2020,11337.4
8/25/2020,11763.93
8/24/2020,11653.02
8/23/2020,11683.44
8/22/2020,11522.8
8/21/2020,11865.82
8/20/2020,11734
8/19/2020,11969.53
8/18/2020,12293.72
8/17/2020,11914.01
8/16/2020,11873.98
8/15/2020,11774.38
8/14/2020,11777.43
8/13/2020,11573.11
8/12/2020,11392.43
8/11/2020,11893.03
8/10/2020,11684.06
8/9/2020,11767.6
8/8/2020,11605.6
8/7/2020,11772.94
8/6/2020,11750.28
8/5/2020,11194.25
8/4/2020,11242.57
8/3/2020,11077.77
8/2/2020,11823.69
8/1/2020,11343.88
7/31/2020,11114.93
7/30/2020,11102.67
7/29/2020,10934.94
7/28/2020,11042.4
7/27/2020,9938.83
7/26/2020,9707.5
7/25/2020,9551.28
7/24/2020,9613.11
7/23/2020,9537.4
7/22/2020,9392.66
7/21/2020,9163.87
7/20/2020,9214.66
7/19/2020,9174.71
7/18/2020,9154.19
7/17/2020,9131
7/16/2020,9193.51
7/15/2020,9254.52
7/14/2020,9238.13
7/13/2020,9295.9
7/12/2020,9235.96
7/11/2020,9287.4
7/10/2020,9238.04
7/9/2020,9440.07
7/8/2020,9256.23
7/7/2020,9348.91
7/6/2020,9089.09
7/5/2020,9131.31
7/4/2020,9072.42
7/3/2020,9087.98
7/2/2020,9236.38
7/1/2020,9133.97
6/30/2020,9185.35
6/29/2020,9127.47
6/28/2020,9004.23
6/27/2020,9154.45
6/26/2020,9240.85
6/25/2020,9276.58
6/24/2020,9621.49
6/23/2020,9691.9
6/22/2020,9284.78
6/21/2020,9357.43
6/20/2020,9300.15
6/19/2020,9380.03
6/18/2020,9454.81
6/17/2020,9526
6/16/2020,9426.7
6/15/2020,9330.07
6/14/2020,9473.5
6/13/2020,9459.97
6/12/2020,9286.42
6/11/2020,9892.13
6/10/2020,9775.15
6/9/2020,9782.59
6/8/2020,9753.85
6/7/2020,9670.43
6/6/2020,9623.75
6/5/2020,9794.56
6/4/2020,9658.04
6/3/2020,9525.57
6/2/2020,10204.23
6/1/2020,9450.84
5/31/2020,9698.1
5/30/2020,9425.98
5/29/2020,9569.21
5/28/2020,9197.54
5/27/2020,8842.85
5/26/2020,8899.66
5/25/2020,8730.73
5/24/2020,9178.32
5/23/2020,9167.26
5/22/2020,9057.57
5/21/2020,9510.67
5/20/2020,9785.74
5/19/2020,9719.37
5/18/2020,9669.4
5/17/2020,9385.7
5/16/2020,9303.59
5/15/2020,9790.31
5/14/2020,9305.93
5/13/2020,8814.53
5/12/2020,8617.25
5/11/2020,8754.46
5/10/2020,9527.39
5/9/2020,9821.8
5/8/2020,10002.48
5/7/2020,9170.79
5/6/2020,9030.96
5/5/2020,8885.93
5/4/2020,8903.95
5/3/2020,8973.82
5/2/2020,8824.66
5/1/2020,8628.77
4/30/2020,8777.63
4/29/2020,7765.33
4/28/2020,7790.66
4/27/2020,7699.27
4/26/2020,7549.52
4/25/2020,7507.08
4/24/2020,7477.6
4/23/2020,7130.99
4/22/2020,6852.52
4/21/2020,6840.24
4/20/2020,7130.04
4/19/2020,7259.36
4/18/2020,7034.89
4/17/2020,7112.27
4/16/2020,6623.8
4/15/2020,6871.95
4/14/2020,6857.66
4/13/2020,6915.37
4/12/2020,6891.6
4/11/2020,6873.24
4/10/2020,7293.69
4/9/2020,7365.03
4/8/2020,7205.55
4/7/2020,7343.2
4/6/2020,6777.44
4/5/2020,6871.69
4/4/2020,6741.67
4/3/2020,6809.11
4/2/2020,6652.87
4/1/2020,6428.28
3/31/2020,6405.29
3/30/2020,5885.41
3/29/2020,6260.95
3/28/2020,6369.09
3/27/2020,6763.75
3/26/2020,6698.46
3/25/2020,6768.49
3/24/2020,6502.16
3/23/2020,5822.62
3/22/2020,6189.85
3/21/2020,6226.44
3/20/2020,6195.2
3/19/2020,5410.23
3/18/2020,5357.61
3/17/2020,5026.35
3/16/2020,5348.44
3/15/2020,5166.26
3/14/2020,5609.03
3/13/2020,4830.21
3/12/2020,7936.65
3/11/2020,7885.46
3/10/2020,7931.94
3/9/2020,8039.38
3/8/2020,8898.63
3/7/2020,9155.89
3/6/2020,9067.39
3/5/2020,8758.9
3/4/2020,8754.34
3/3/2020,8912.82
3/2/2020,8912.82
3/1/2020,8534.17
2/29/2020,8712.35
2/28/2020,8804.72
2/27/2020,8785.52
2/26/2020,9309.15
2/25/2020,9663.75
2/24/2020,9989.39
2/23/2020,9669.63
2/22/2020,9696.58
2/21/2020,9606.86
2/20/2020,9604.72
2/19/2020,10180.65
2/18/2020,9703.93
2/17/2020,9937.67
2/16/2020,9904.17
2/15/2020,10368.53
2/14/2020,10242.43
2/13/2020,10354.3
2/12/2020,10275.38
2/11/2020,9854.79
2/10/2020,10162.41
2/9/2020,9907.12
2/8/2020,9807.54
2/7/2020,9755.66
2/6/2020,9614.9
2/5/2020,9162.14
2/4/2020,9162.14
2/3/2020,9314.56
2/2/2020,9378.09
2/1/2020,9333.77
1/31/2020,9502.37
1/30/2020,9279.81
1/29/2020,9385.69
1/28/2020,8895.78
1/27/2020,8588.42
1/26/2020,8327.36
1/25/2020,8428.17
1/24/2020,8388.11
1/23/2020,8658.94
1/22/2020,8722.26
1/21/2020,8626.47
1/20/2020,8703.36
1/19/2020,8910.85
1/18/2020,8900.34
1/17/2020,8722.03
1/16/2020,8813.89
1/15/2020,8842.42
1/14/2020,8105.24
1/13/2020,8173.97
1/12/2020,8021.49
1/11/2020,8184.66
1/10/2020,7817.92
1/9/2020,8042.65
1/8/2020,8165.47
1/7/2020,7759.24
1/6/2020,7351.57
1/5/2020,7347.89
1/4/2020,7326.35
1/3/2020,6944.33
1/2/2020,7175.68
1/1/2020,7168.31
12/31/2019,7219.6
12/30/2019,7385.36
12/29/2019,7301.07
12/28/2019,7243.93
12/27/2019,7194.4
12/26/2019,7192.72
12/25/2019,7250.69
12/24/2019,7322.08
12/23/2019,7514.41
12/22/2019,7143.2
12/21/2019,7190.17
12/20/2019,7150.86
12/19/2019,7284.29
12/18/2019,6612.12
12/17/2019,6879.54
12/16/2019,7111.14
12/15/2019,7067.74
12/14/2019,7251.87
12/13/2019,7189.16
12/12/2019,7202.31
12/11/2019,7220.76
12/10/2019,7337.42
12/9/2019,7522.39
12/8/2019,7504.83
12/7/2019,7547.19
12/6/2019,7395.97
12/5/2019,7192.85
12/4/2019,7296.77
12/3/2019,7309.59
12/2/2019,7402.69
12/1/2019,7557.72
11/30/2019,7757.47
11/29/2019,7431
11/28/2019,7523.83
11/27/2019,7163.63
11/26/2019,7130.25
11/25/2019,6907.4
11/24/2019,7324.03
11/23/2019,7286.35
11/22/2019,7617.07
11/21/2019,8081.81
11/20/2019,8120.8
11/19/2019,8175.99
11/18/2019,8503.93
11/17/2019,8482.7
11/16/2019,8457.69
11/15/2019,8632.32
11/14/2019,8762.42
11/13/2019,8801.52
11/12/2019,8717.81
11/11/2019,9037.12
11/10/2019,8809.41
11/9/2019,8766.04
11/8/2019,9204.24
11/7/2019,9343.34
11/6/2019,9310.19
11/5/2019,9418.05
11/4/2019,9206.16
11/3/2019,9301.18
11/2/2019,9252.99
11/1/2019,9147.98
10/31/2019,9164.62
10/30/2019,9433.35
10/29/2019,9218.76
10/28/2019,9551.54
10/27/2019,9259.8
10/26/2019,8666.79
10/25/2019,7431.88
10/24/2019,7469.56
10/23/2019,8026.76
10/22/2019,8222.52
10/21/2019,8231.06
10/20/2019,7960.04
10/19/2019,7954.15
10/18/2019,8076.78
10/17/2019,8002.51
10/16/2019,8162.16
10/15/2019,8353.54
10/14/2019,8283.76
10/13/2019,8308.01
10/12/2019,8269.73
10/11/2019,8586.9
10/10/2019,8587.92
10/9/2019,8190
10/8/2019,8212.02
10/7/2019,7869.74
10/6/2019,8147.69
10/5/2019,8155.48
10/4/2019,8236.17
10/3/2019,8382.03
10/2/2019,8322.92
10/1/2019,8307.74
9/30/2019,8056.74
9/29/2019,8225
9/28/2019,8193.9
9/27/2019,8055.64
9/26/2019,8432.23
9/25/2019,8553.61
9/24/2019,9683.38
9/23/2019,10033.05
9/22/2019,9979.49
9/21/2019,10173.11
9/20/2019,10275.88
9/19/2019,10157.59
9/18/2019,10190.36
9/17/2019,10265.63
9/16/2019,10310.43
9/15/2019,10361.33
9/14/2019,10363.9
9/13/2019,10420.16
9/12/2019,10159.32
9/11/2019,10101.03
9/10/2019,10313.66
9/9/2019,10406.31
9/8/2019,10487.21
9/7/2019,10317.47
9/6/2019,10577.8
9/5/2019,10584.16
9/4/2019,10621.29
9/3/2019,10386.64
9/2/2019,9769.79
9/1/2019,9600.9
8/31/2019,9577.99
8/30/2019,9484.55
8/29/2019,9717.82
8/28/2019,10171.95
8/27/2019,10360.28
8/26/2019,10135.06
8/25/2019,10143.8
8/24/2019,10405.81
8/23/2019,10111.98
8/22/2019,10129.4
8/21/2019,10760.56
8/20/2019,10917.26
8/19/2019,10317.6
8/18/2019,10214.52
8/17/2019,10359.44
8/16/2019,10302.17
8/15/2019,10016.96
8/14/2019,10858.12
8/13/2019,11386.26
8/12/2019,11566.84
8/11/2019,11282.22
8/10/2019,11856.64
8/9/2019,11996.41
8/8/2019,11960.82
8/7/2019,11465.67
8/6/2019,11787.99
8/5/2019,10980.23
8/4/2019,10814.57
8/3/2019,10529.55
8/2/2019,10407.17
8/1/2019,10084.7
7/31/2019,9589.13
7/30/2019,9501.33
7/29/2019,9530
7/28/2019,9473.99
7/27/2019,9848.65
7/26/2019,9875.17
7/25/2019,9772.17
7/24/2019,9844.3
7/23/2019,10323.62
7/22/2019,10587.41
7/21/2019,10764.9
7/20/2019,10535.75
7/19/2019,10638.56
7/18/2019,9674.28
7/17/2019,9397.72
7/16/2019,10873.5
7/15/2019,10186.96
7/14/2019,11389.1
7/13/2019,11803.97
7/12/2019,11352.87
7/11/2019,12099.9
7/10/2019,12586.78
7/9/2019,12313.08
7/8/2019,11477.01
7/7/2019,11232.04
7/6/2019,10955.16
7/5/2019,11160.49
7/4/2019,11984.76
7/3/2019,10805.4
7/2/2019,10578.72
7/1/2019,10737.73
6/30/2019,11890.38
6/29/2019,12374.35
6/28/2019,11132.85
6/27/2019,12932.55
6/26/2019,11766.4
6/25/2019,11017.5
6/24/2019,10814.48
6/23/2019,10668.63
6/22/2019,10209.38
6/21/2019,9531.35
6/20/2019,9281.7
6/19/2019,9076.18
6/18/2019,9327.48
6/17/2019,8978.99
6/16/2019,8859.47
6/15/2019,8693.6
6/14/2019,8237.88
6/13/2019,8173.06
6/12/2019,7917.58
6/11/2019,8020.38
6/10/2019,7640.61
6/9/2019,7931.34
6/8/2019,7998.29
6/7/2019,7803.23
6/6/2019,7786.04
6/5/2019,7675.8
6/4/2019,8134.92
6/3/2019,8739.03
6/2/2019,8554.8
6/1/2019,8553.81
5/31/2019,8272.46
5/30/2019,8662.98
5/29/2019,8719.88
5/28/2019,8770.06
5/27/2019,8744.42
5/26/2019,8071.45
5/25/2019,8003.26
5/24/2019,7880.29
5/23/2019,7625.93
5/22/2019,7952.5
5/21/2019,8007.03
5/20/2019,8193.7
5/19/2019,7265.05
5/18/2019,7362.22
5/17/2019,7885.96
5/16/2019,8206.9
5/15/2019,7992.69
5/14/2019,7823.11
5/13/2019,6978.63
5/12/2019,7248.31
5/11/2019,6348.02
5/10/2019,6146.91
5/9/2019,5936.72
5/8/2019,5755.72
5/7/2019,5684.47
5/6/2019,5717.66
5/5/2019,5771.08
5/4/2019,5657.14
5/3/2019,5390.16
5/2/2019,5326.67
5/1/2019,5269.79
4/30/2019,5260.65
4/29/2019,5301.29
4/28/2019,5280.19
4/27/2019,5292.83
4/26/2019,5195.61
4/25/2019,5434.19
4/24/2019,5518.16
4/23/2019,5377.19
4/22/2019,5281.83
4/21/2019,5309.28
4/20/2019,5277.04
4/19/2019,5276.31
4/18/2019,5220.37
4/17/2019,5196.65
4/16/2019,5036.18
4/15/2019,5152.51
4/14/2019,5064.62
4/13/2019,5072.85
4/12/2019,5035.02
4/11/2019,5310.18
4/10/2019,5175.81
4/9/2019,5268.71
4/8/2019,5189.39
4/7/2019,5053.52
4/6/2019,5028.77
4/5/2019,4911.24
4/4/2019,4959.81
4/3/2019,4882.88
4/2/2019,4152.53
4/1/2019,4114.16
3/31/2019,4114.44
3/30/2019,4115.55
3/29/2019,4037.37
3/28/2019,4048.51
3/27/2019,3947.74
3/26/2019,3935.89
3/25/2019,3994.11
3/24/2019,4011.92
3/23/2019,3999.06
3/22/2019,3992.34
3/21/2019,4056.4
3/20/2019,4029.11
3/19/2019,3998.77
3/18/2019,3994.92
3/17/2019,4015.95
3/16/2019,3936.5
3/15/2019,3885.21
3/14/2019,3877.77
3/13/2019,3892.51
3/12/2019,3881.09
3/11/2019,3928.17
3/10/2019,3950.56
3/9/2019,3875.96
3/8/2019,3886.82
3/7/2019,3876.85
3/6/2019,3872.25
3/5/2019,3730.98
3/4/2019,3814.58
3/3/2019,3831.44
3/2/2019,3834.62
3/1/2019,3850.08
2/28/2019,3833.23
2/27/2019,3831.45
2/26/2019,3848.33
2/25/2019,3766.89
2/24/2019,4139.6
2/23/2019,3983.48
2/22/2019,3944.88
2/21/2019,3987.18
2/20/2019,3926.53
2/19/2019,3910.8
2/18/2019,3670.74
2/17/2019,3619.55
2/16/2019,3608.2
2/15/2019,3600.31
2/14/2019,3614.5
2/13/2019,3632.42
2/12/2019,3629.47
2/11/2019,3686.29
2/10/2019,3664.38
2/9/2019,3661.08
2/8/2019,3394.76
2/7/2019,3405.7
2/6/2019,3467.34
2/5/2019,3452.35
2/4/2019,3456.02
2/3/2019,3506.22
2/2/2019,3475.33
2/1/2019,3444.81
1/31/2019,3470
1/30/2019,3421.6
1/29/2019,3448.58
1/28/2019,3554.5
1/27/2019,3576.3
1/26/2019,3577.79
1/25/2019,3586.25
1/24/2019,3566.4
1/23/2019,3587.35
1/22/2019,3540.02
1/21/2019,3548.4275
1/20/2019,3703.98
1/19/2019,3690.523333
1/18/2019,3632.395
1/17/2019,3621.43
1/16/2019,3621.270833
1/15/2019,3656.785
1/14/2019,3531.96
1/13/2019,3599.841667
1/12/2019,3646.345833
1/11/2019,3646.25
1/10/2019,3812.585833
1/9/2019,4034.138333
1/8/2019,4032.25
1/7/2019,4036.093333
1/6/2019,3920.456667
1/5/2019,3856.62
1/4/2019,3822.626667
1/3/2019,3865.7975
1/2/2019,3855.88
1/1/2019,3752.271667
12/31/2018,3791.545833
12/30/2018,3770.36
12/29/2018,3912.285833
12/28/2018,3743.905
12/27/2018,3848.21
12/26/2018,3825.379167
12/25/2018,3813.88
12/24/2018,3995.17
12/23/2018,4027.478333
12/22/2018,3910.973333
12/21/2018,4135.19
12/20/2018,3982.850833
12/19/2018,3808.0425
12/18/2018,3556.54
12/17/2018,3392.405
12/16/2018,3271.238333
12/15/2018,3242.42
12/14/2018,3278.374167
12/13/2018,3406.7625
12/12/2018,3407.28
12/11/2018,3426.19
12/10/2018,3523.96
12/9/2018,3453.66
12/8/2018,3435.34
12/7/2018,3405.643333
12/6/2018,3744.98
12/5/2018,3858.349167
12/4/2018,3961.493333
12/3/2018,4140.6
12/2/2018,4167.546667
12/1/2018,4116.7775
11/30/2018,4278.77
11/29/2018,4263.783333
11/28/2018,4103.453846
11/27/2018,3793.35
11/26/2018,3920.536667
11/25/2018,3823.511667
11/24/2018,4352.98
11/23/2018,4309.3375
11/22/2018,4548.7975
11/21/2018,4491.98
11/20/2018,4671.97
11/19/2018,5303.9425
11/18/2018,5572.44
11/17/2018,5558.243333
11/16/2018,5596.1925
11/15/2018,5756.77
11/14/2018,6176.155
11/13/2018,6372.063333
11/12/2018,6408.53
11/11/2018,6378.268333
11/10/2018,6399.033333
11/9/2018,6444.97
11/8/2018,6486.251667
11/7/2018,6538.79
11/6/2018,6437.76
11/5/2018,6436.965
11/4/2018,6391.873333
11/3/2018,6390.42
11/2/2018,6387.674167
11/1/2018,6342.280833
10/31/2018,6301.61
10/30/2018,6309.452857
10/29/2018,6382.668333
10/28/2018,6457.21
10/27/2018,6465.9175
10/26/2018,6473.753333
10/25/2018,6489.77
10/24/2018,6508.31
10/23/2018,6481.426
10/22/2018,6504.78
10/21/2018,6531.601667
10/20/2018,6488.825833
10/19/2018,6509.61
10/18/2018,6568.040769
10/17/2018,6596.276154
10/16/2018,6599.17
10/15/2018,6452.571667
10/14/2018,6299.399167
10/13/2018,6247
10/12/2018,6260.530833
10/11/2018,6248.635833
10/10/2018,6626.85
10/9/2018,6621.711667
10/8/2018,6618.567692
10/7/2018,6573.62
10/6/2018,6581.486667
10/5/2018,6568.549167
10/4/2018,6483.73
10/3/2018,6470.4025
10/2/2018,6562.641667
10/1/2018,6611.02
9/30/2018,6593.135
9/29/2018,6550.474167
9/28/2018,6686.08
9/27/2018,6535.476667
9/26/2018,6468.631667
9/25/2018,6583.45
9/24/2018,6639.304167
9/23/2018,6710.445
9/22/2018,6756.12
9/21/2018,6669.990833
9/20/2018,6418.562667
9/19/2018,6342.39
9/18/2018,6296.631667
9/17/2018,6400.600833
9/16/2018,6522.39
9/15/2018,6518.655
9/14/2018,6499.0625
9/13/2018,6326.04
9/12/2018,6273.1375
9/11/2018,6296.320833
9/10/2018,6240.98
9/9/2018,6286.425833
9/8/2018,6366.1075
9/7/2018,6501.19
9/6/2018,6433.271667
9/5/2018,7113.069231
9/4/2018,7265.08
9/3/2018,7260.949231
9/2/2018,7247.935385
9/1/2018,7018.78
8/31/2018,6981.946154
8/30/2018,6932.6625
8/29/2018,7078.19
8/28/2018,7000.04
8/27/2018,6719.266154
8/26/2018,6738.27
8/25/2018,6719.429231
8/24/2018,6543.645714
8/23/2018,6354.57
8/22/2018,6575.229167
8/21/2018,6401.246154
8/20/2018,6486.58
8/19/2018,6404.063333
8/18/2018,6436.720833
8/17/2018,6312.75
8/16/2018,6342.629231
8/15/2018,6362.676923
8/14/2018,6252.13
8/13/2018,6347.07
8/12/2018,6311.131667
8/11/2018,6138.96
8/10/2018,6396.494667
8/9/2018,6396.7725
8/8/2018,6718.23
8/7/2018,6993.513333
8/6/2018,6988.079167
8/5/2018,7011.28
8/4/2018,7247.769167
8/3/2018,7394.499167
8/2/2018,7607.7
8/1/2018,7570.869167
7/31/2018,7916.800833
7/30/2018,8220.91
7/29/2018,8206.341667
7/28/2018,8182.251667
7/27/2018,7939.81
7/26/2018,8187.324167
7/25/2018,8251.165
7/24/2018,7715.1
7/23/2018,7689.884167
7/22/2018,7451.289167
7/21/2018,7334.99
7/20/2018,7428.045
7/19/2018,7396.401667
7/18/2018,7321.62
7/17/2018,6869.910833
7/16/2018,6514.390833
7/15/2018,6248.84
7/14/2018,6241
7/13/2018,6244.3575
7/12/2018,6403.18
7/11/2018,6377.363333
7/10/2018,6510.791667
7/9/2018,6724.04
7/8/2018,6753.559167
7/7/2018,6594.281667
7/6/2018,6555.51
7/5/2018,6603.376667
7/4/2018,6593.289167
7/3/2018,6626.44
7/2/2018,6466.069167
7/1/2018,6374.754167
6/30/2018,6223.28
6/29/2018,5908.7025
6/28/2018,6107.896154
6/27/2018,6097.46
6/26/2018,6218.595
6/25/2018,6211.4475
6/24/2018,6170.46
6/23/2018,6141.605833
6/22/2018,6332.573333
6/21/2018,6760.83
6/20/2018,6714.718333
6/19/2018,6737
6/18/2018,6445.79
6/17/2018,6464.411667
6/16/2018,6509.426667
6/15/2018,6637.41
6/14/2018,6647.013333
6/13/2018,6315.7
6/12/2018,6879.31
6/11/2018,6875.678333
6/10/2018,6776.888333
6/9/2018,7615.54
6/8/2018,7620.153333
6/7/2018,7676.271667
6/6/2018,7619.43
6/5/2018,7615.722142
6/4/2018,7500.273333
6/3/2018,7637.14
6/2/2018,7645.146667
6/1/2018,7535.146667
5/31/2018,7386.72
5/30/2018,7385.395
5/29/2018,7459.876667
5/28/2018,7344.56
5/27/2018,7361.831667
5/26/2018,7342.908333
5/25/2018,7576.78
5/24/2018,7566.193333
5/23/2018,7555.74
5/22/2018,8396.63
5/21/2018,8385.556187
5/20/2018,8507.406667
5/19/2018,8239.08
5/18/2018,8240.055
5/17/2018,8106.118333
5/16/2018,8471.06
5/15/2018,8511.458
5/14/2018,8652.038333
5/13/2018,8463.52
5/12/2018,8484.346667
5/11/2018,8468.788
5/10/2018,9310.37
5/9/2018,9322.041667
5/8/2018,9228.608333
5/7/2018,9631.44
5/6/2018,9630.136277
5/5/2018,9803.306667
5/4/2018,9753.35
5/3/2018,9639.268333
5/2/2018,9221.426
5/1/2018,9239.55
4/30/2018,9259.57
4/29/2018,9334.281667
4/28/2018,8928.55
4/27/2018,9010.32
4/26/2018,9258.398333
4/25/2018,9658.11
4/24/2018,9555.542
4/23/2018,8933.861667
4/22/2018,8930.6
4/21/2018,8807.205
4/20/2018,8852.718333
4/19/2018,8175.96
4/18/2018,8164.937426
4/17/2018,7895.416926
4/16/2018,8368.1
4/15/2018,8340.748333
4/14/2018,8036.511051
4/13/2018,7941.46
4/12/2018,7847.845
4/11/2018,6926.266667
4/10/2018,6784.41
4/9/2018,6699.273333
4/8/2018,7017.656667
4/7/2018,6634.68
4/6/2018,6603.876667
4/5/2018,6826.51
4/4/2018,7426.48
4/3/2018,7410.435
4/2/2018,7035.848333
4/1/2018,6937.56
3/31/2018,6935.48
3/30/2018,6882.531667
3/29/2018,7950.61
3/28/2018,7960.38
3/27/2018,7876.195
3/26/2018,8457.96
3/25/2018,8617.296667
3/24/2018,8662.378333
3/23/2018,8725.37
3/22/2018,8690.408333
3/21/2018,8947.753333
3/20/2018,8605.64
3/19/2018,8412.033333
3/18/2018,8171.415
3/17/2018,8297.89
3/16/2018,8530.402
3/15/2018,8358.121667
3/14/2018,9153.54
3/13/2018,9154.7
3/12/2018,9182.843333
3/11/2018,8777.37
3/10/2018,8746.002
3/9/2018,9089.278333
3/8/2018,9920.46
3/7/2018,10118.058
3/6/2018,10763.19833
3/5/2018,11516.83
3/4/2018,11430.18167
3/3/2018,11326.94833
3/2/2018,10931.12
3/1/2018,11009.38167
2/28/2018,10370.165
2/27/2018,10319.46
2/26/2018,10348.60333
2/25/2018,9696.593333
2/24/2018,10171.3
2/23/2018,10162.11667
2/22/2018,9931.071667
2/21/2018,11245.98
2/20/2018,11390.39167
2/19/2018,11110.965
2/18/2018,11085.83
2/17/2018,10841.99167
2/16/2018,10127.16167
2/15/2018,9471.64
2/14/2018,9334.633333
2/13/2018,8597.7675
2/12/2018,8068.02
2/11/2018,8343.455
2/10/2018,8319.876566
2/9/2018,8245.08
2/8/2018,8240.536667
2/7/2018,8099.958333
2/6/2018,6925.46
2/5/2018,6838.816667
2/4/2018,8400.648333
2/3/2018,8852.73
2/2/2018,8901.901667
2/1/2018,9083.258333
1/31/2018,10082.52
1/30/2018,10184.06167
1/29/2018,11212.655
1/28/2018,11431.37
1/27/2018,11524.77667
1/26/2018,10969.815
1/25/2018,11392.03
1/24/2018,11282.25833
1/23/2018,11223.064
1/22/2018,11513.42
1/21/2018,11505.228
1/20/2018,12950.79333
1/19/2018,11174.82
1/18/2018,11345.42333
1/17/2018,11116.94667
1/16/2018,13554.14
1/15/2018,14012.196
1/14/2018,13852.92
1/13/2018,13791.19
1/12/2018,13912.882
1/11/2018,13296.794
1/10/2018,14437.42
1/9/2018,14714.25333
1/8/2018,15265.90667
1/7/2018,17155.95
1/6/2018,17319.198
1/5/2018,17174.12
1/4/2018,15039.24
1/3/2018,15053.26167
1/2/2018,15005.85667
1/1/2018,13796
12/31/2017,14165.575
12/30/2017,13215.574
12/29/2017,14214.01
12/28/2017,14380.58167
12/27/2017,15589.32167
12/26/2017,13740.94
12/25/2017,14119.02833
12/24/2017,13949.175
12/23/2017,13776.61
12/22/2017,15190.945
12/21/2017,16047.51
12/20/2017,17382.94
12/19/2017,17737.11167
12/18/2017,18961.85667
12/17/2017,19279.9
12/16/2017,19498.68333
12/15/2017,17771.9
12/14/2017,16252.31
12/13/2017,16808.36667
12/12/2017,17276.39333
12/11/2017,15068.95
12/10/2017,14869.805
12/9/2017,15142.83415
12/8/2017,16860.88
12/7/2017,16501.97167
12/6/2017,13540.98
12/5/2017,11591.22
12/4/2017,11584.83
12/3/2017,11332.622
12/2/2017,10879.88
12/1/2017,10883.912
11/30/2017,10147.372
11/29/2017,9919
11/28/2017,9952.50882
11/27/2017,9718.29505
11/26/2017,8768.8
11/25/2017,8707.407267
11/24/2017,8250.978333
11/23/2017,8236.72
11/22/2017,8268.035
11/21/2017,8059.8
11/20/2017,8049.72
11/19/2017,8007.654067
11/18/2017,7817.140383
11/17/2017,7868.77
11/16/2017,7815.0307
11/15/2017,7301.42992
11/14/2017,6493.63
11/13/2017,6550.227533
11/12/2017,5716.301583
11/11/2017,6569.22
11/10/2017,6719.39785
11/9/2017,7158.03706
11/8/2017,7128.64
11/7/2017,7092.127233
11/6/2017,6989.071667
11/5/2017,7365.99
11/4/2017,7437.543317
11/3/2017,7197.72006
11/2/2017,6751.98
11/1/2017,6665.306683
10/31/2017,6388.645167
10/30/2017,6136.49
10/29/2017,6155.43402
10/28/2017,5776.69695
10/27/2017,5889.82
10/26/2017,5893.138417
10/25/2017,5669.622533
10/24/2017,5900.59
10/23/2017,5876.079867
10/22/2017,5983.18455
10/21/2017,5986.44
10/20/2017,5979.45984
10/19/2017,5727.6335
10/18/2017,5594.66
10/17/2017,5603.71294
10/16/2017,5711.205867
10/15/2017,5825.99
10/14/2017,5739.438733
10/13/2017,5563.806567
10/12/2017,4822.17
10/11/2017,4819.485767
10/10/2017,4782.28
10/9/2017,4605.66
10/8/2017,4602.280883
10/7/2017,4376.191667
10/6/2017,4318.58
10/5/2017,4338.852
10/4/2017,4225.175
10/3/2017,4394.07
10/2/2017,4386.88375
10/1/2017,4360.722967
9/30/2017,4164.27
9/29/2017,4193.574667
9/28/2017,4201.98905
9/27/2017,3881
9/26/2017,3910.307383
9/25/2017,3942.555
9/24/2017,3777.62
9/23/2017,3776.3869
9/22/2017,3637.50255
9/21/2017,3894.48
9/20/2017,3977.561667
9/19/2017,3943.413333
9/18/2017,3678.53
9/17/2017,3746.060783
9/16/2017,3763.62604
9/15/2017,3216.43
9/14/2017,3319.63
9/13/2017,3961.271267
9/12/2017,4198.59
9/11/2017,4248.090017
9/10/2017,4329.955
9/9/2017,4312.26
9/8/2017,4310.750183
9/7/2017,4654.6585
9/6/2017,4385.02
9/5/2017,4488.72014
9/4/2017,4344.098317
9/3/2017,4585.57
9/2/2017,4580.38748
9/1/2017,4911.740017
8/31/2017,4582.52
8/30/2017,4594.98785
8/29/2017,4607.98545
8/28/2017,4339.05
8/27/2017,4354.308333
8/26/2017,4360.513317
8/25/2017,4331.77
8/24/2017,4340.316717
8/23/2017,4174.95
8/22/2017,3986.28
8/21/2017,4043.722
8/20/2017,4157.958033
8/19/2017,4104.71
8/18/2017,4130.440067
8/17/2017,4328.725717
8/16/2017,4179.97
8/15/2017,4217.028329
8/14/2017,4282.992
8/13/2017,3868.52
8/12/2017,3852.802914
8/11/2017,3632.506667
8/10/2017,3340.28
8/9/2017,3357.326317
8/8/2017,3457.374333
8/7/2017,3210.2
8/6/2017,3252.562533
8/5/2017,3218.115017
8/4/2017,2790
8/3/2017,2794.117717
8/2/2017,2693.633983
8/1/2017,2862.9
7/31/2017,2866.431667
7/30/2017,2745.955417
7/29/2017,2784.8
7/28/2017,2781.636583
7/27/2017,2647.625
7/26/2017,2564.3
7/25/2017,2560.997917
7/24/2017,2751.821029
7/23/2017,2825.51
7/22/2017,2807.609857
7/21/2017,2682.195363
7/20/2017,2265.21
7/19/2017,2264.7657
7/18/2017,2320.12225
7/17/2017,1910.96
7/16/2017,1931.2143
7/15/2017,2058.9956
7/14/2017,2338.49
7/13/2017,2354.783417
7/12/2017,2385.748571
7/11/2017,2327.09
7/10/2017,2366.170143
7/9/2017,2536.238938
7/8/2017,2502.86
7/7/2017,2491.201214
7/6/2017,2609.96775
7/5/2017,2598.89
7/4/2017,2599.729838
7/3/2017,2561.225429
7/2/2017,2421.26
7/1/2017,2501.191343
6/30/2017,2477.641375
6/29/2017,2558.3
6/28/2017,2585.349186
6/27/2017,2517.903114
6/26/2017,2502.03
6/25/2017,2512.366286
6/24/2017,2589.164888
6/23/2017,2713.48
6/22/2017,2727.288013
6/21/2017,2671.04325
6/20/2017,2600
6/19/2017,2617.210263
6/18/2017,2507.389252
6/17/2017,2477.94
6/16/2017,2464.959814
6/15/2017,2442.48025
6/14/2017,2706
6/13/2017,2748.185086
6/12/2017,2657.675063
6/11/2017,2898.63
6/10/2017,2845.372857
6/9/2017,2827.4913
6/8/2017,2683.03
6/7/2017,2664.920863
6/6/2017,2883.313697
6/5/2017,2529.53
6/4/2017,2516.173143
6/3/2017,2525.765158
6/2/2017,2409.93
6/1/2017,2399.242671
5/31/2017,2285.933914
5/30/2017,2290.02
5/29/2017,2275.9307
5/28/2017,2192.9808
5/27/2017,2279.82
5/26/2017,2211.976857
5/25/2017,2387.206286
5/24/2017,2256.32
5/23/2017,2287.710288
5/22/2017,2090.662313
5/21/2017,2008.84
5/20/2017,2052.909788
5/19/2017,1961.520488
5/18/2017,1783.98
5/17/2017,1807.485063
5/16/2017,1739.031975
5/15/2017,1780
5/14/2017,1776.3165
5/13/2017,1771.920013
5/12/2017,1829
5/11/2017,1820.990563
5/10/2017,1762.88625
5/9/2017,1651.1
5/8/2017,1640.619225
5/7/2017,1535.868429
5/6/2017,1518.75
5/5/2017,1533.335071
5/4/2017,1508.292125
5/3/2017,1447.55
5/2/2017,1452.076288
5/1/2017,1417.172813
4/30/2017,1333
4/29/2017,1334.979038
4/28/2017,1331.294429
4/27/2017,1288.02
4/26/2017,1309.109875
4/25/2017,1279.414688
4/24/2017,1240.84
4/23/2017,1257.988113
4/22/2017,1261.311225
4/21/2017,1236.63
4/20/2017,1241.686325
4/19/2017,1217.930088
4/18/2017,1176.97
4/17/2017,1205.634875
4/16/2017,1186.927413
4/15/2017,1170.36
4/14/2017,1185.260057
4/13/2017,1180.023713
4/12/2017,1219.09
4/11/2017,1226.617038
4/10/2017,1207.744875
4/9/2017,1184.03
4/8/2017,1181.149838
4/7/2017,1190.45425
4/6/2017,1133.53
4/5/2017,1133.079314
4/4/2017,1141.600363
4/3/2017,1079.99
4/2/2017,1099.169125
4/1/2017,1086.929571
3/31/2017,1034.74
3/30/2017,1037.90455
3/29/2017,1040.5755
3/28/2017,1041.04
3/27/2017,1037.22925
3/26/2017,956.7863125
3/25/2017,927.93
3/24/2017,941.9197143
3/23/2017,1038.789
3/22/2017,1113
3/21/2017,1118.630043
3/20/2017,1049.084488
3/19/2017,967.69
3/18/2017,952.2323625
3/17/2017,1091.171888
3/16/2017,1257
3/15/2017,1257.399625
3/14/2017,1245.370786
3/13/2017,1227.68
3/12/2017,1227.494625
3/11/2017,1179.159875
3/10/2017,1192.09
3/9/2017,1192.469143
3/8/2017,1157.3933
3/7/2017,1279.5
3/6/2017,1275.197375
3/5/2017,1270.9333
3/4/2017,1287
3/3/2017,1285.14
3/2/2017,1259.410817
3/1/2017,1190.89
2/28/2017,1187.565286
2/27/2017,1190.75195
2/26/2017,1150.37
2/25/2017,1150.605714
2/24/2017,1174.86625
2/23/2017,1130.01
2/22/2017,1123.223188
2/21/2017,1123.788429
2/20/2017,1050.87
2/19/2017,1052.779286
2/18/2017,1056.637138
2/17/2017,1035.2
2/16/2017,1035.208125
2/15/2017,1012.325988
2/14/2017,1001.2
2/13/2017,999.877375
2/12/2017,1000.604625
2/11/2017,997.59
2/10/2017,999.1035
2/9/2017,976.103
2/8/2017,1052.84
2/7/2017,1050.11
2/6/2017,1024.01375
2/5/2017,1034.07
2/4/2017,1030.999413
2/3/2017,1013.027
2/2/2017,983.42
2/1/2017,979.703875
1/31/2017,964.706075
1/30/2017,912.19
1/29/2017,915.933
1/28/2017,920.31225
1/27/2017,915.05
1/26/2017,915.95625
1/25/2017,893.045625
1/24/2017,919.97
1/23/2017,922.0736125
1/22/2017,918.603625
1/21/2017,895.64
1/20/2017,893.6210875
1/19/2017,895.798875
1/18/2017,906.6
1/17/2017,903.84
1/16/2017,830.5
1/15/2017,819.55
1/14/2017,817.91
1/13/2017,826.29
1/12/2017,780.92
1/11/2017,785.22
1/10/2017,906.05
1/9/2017,910.49
1/8/2017,908.14
1/7/2017,896.83
1/6/2017,999.65
1/5/2017,994.67
1/4/2017,1126.76
1/3/2017,1013.42
1/2/2017,1015.97
1/1/2017,997.72
12/31/2016,958.12
12/30/2016,952.15
12/29/2016,963.38
12/28/2016,930.34
12/27/2016,930.37
12/26/2016,897.33
12/25/2016,892.6
12/24/2016,891.61
12/23/2016,901.31
12/22/2016,834.97
12/21/2016,824.21
12/20/2016,793.09
12/19/2016,788.67
12/18/2016,788.4
12/17/2016,788.7
12/16/2016,775.88
12/15/2016,776.75
12/14/2016,774.89
12/13/2016,777.99
12/12/2016,777
12/11/2016,777
12/10/2016,769.08
12/9/2016,770.02
12/8/2016,769.72
12/7/2016,758.99
12/6/2016,756.62
12/5/2016,754.63
12/4/2016,762.97
12/3/2016,764.33
12/2/2016,772.43
12/1/2016,742.05
11/30/2016,742.69
11/29/2016,732.71
11/28/2016,727.31
11/27/2016,727.96
11/26/2016,733.67
11/25/2016,735.64
11/24/2016,737.45
11/23/2016,741.63
11/22/2016,736.97
11/21/2016,738.53
11/20/2016,729.06
11/19/2016,748.98
11/18/2016,747.52
11/17/2016,736.96
11/16/2016,711.73
11/15/2016,710.91
11/14/2016,706.46
11/13/2016,702.28
11/12/2016,703.71
11/11/2016,715.45
11/10/2016,721.5
11/9/2016,720.93
11/8/2016,708.97
11/7/2016,709.96
11/6/2016,712
11/5/2016,704.79
11/4/2016,683.69
11/3/2016,686.17
11/2/2016,733.33
11/1/2016,697.01
10/31/2016,702
10/30/2016,698
10/29/2016,685.91
10/28/2016,687.68
10/27/2016,682.22
10/26/2016,651.45
10/25/2016,655.31
10/24/2016,651.39
10/23/2016,653.25
10/22/2016,655.48
10/21/2016,631.92
10/20/2016,627.72
10/19/2016,629.25
10/18/2016,636.29
10/17/2016,638.97
10/16/2016,641.42
10/15/2016,637.94
10/14/2016,634.02
10/13/2016,635.96
10/12/2016,635.01
10/11/2016,614.77
10/10/2016,617.54
10/9/2016,615.65
10/8/2016,614.74
10/7/2016,617.21
10/6/2016,612.08
10/5/2016,607.18
10/4/2016,609.62
10/3/2016,611.85
10/2/2016,612.98
10/1/2016,614.82
9/30/2016,609.39
9/29/2016,603.85
9/28/2016,605.67
9/27/2016,605.96
9/26/2016,598.98
9/25/2016,601.74
9/24/2016,603.88
9/23/2016,594.08
9/22/2016,597.42
9/21/2016,598.88
9/20/2016,608.66
9/19/2016,610.19
9/18/2016,611.58
9/17/2016,607.04
9/16/2016,609.11
9/15/2016,610.38
9/14/2016,608.82
9/13/2016,610.92
9/12/2016,609.67
9/11/2016,621.65
9/10/2016,625.76
9/9/2016,625.07
9/8/2016,615.33
9/7/2016,614.46
9/6/2016,611.09
9/5/2016,603.95
9/4/2016,610.59
9/3/2016,600.88
9/2/2016,571
9/1/2016,572.81
8/31/2016,574.82
8/30/2016,571.5
8/29/2016,575.22
8/28/2016,576.53
8/27/2016,577.77
8/26/2016,581.07
8/25/2016,579.86
8/24/2016,581.98
8/23/2016,586.18
8/22/2016,588.97
8/21/2016,577.52
8/20/2016,583.2
8/19/2016,576.65
8/18/2016,570.92
8/17/2016,575.51
8/16/2016,581.11
8/15/2016,567.34
8/14/2016,570.97
8/13/2016,586.43
8/12/2016,586.01
8/11/2016,589.24
8/10/2016,592.18
8/9/2016,591.69
8/8/2016,592.69
8/7/2016,594.27
8/6/2016,572.72
8/5/2016,576.55
8/4/2016,577.31
8/3/2016,530.74
8/2/2016,515.06
8/1/2016,606.32
7/31/2016,654.68
7/30/2016,654.73
7/29/2016,656.88
7/28/2016,655.37
7/27/2016,654.98
7/26/2016,655.06
7/25/2016,661.48
7/24/2016,661.41
7/23/2016,655.84
7/22/2016,664
7/21/2016,664.88
7/20/2016,665.64
7/19/2016,673.46
7/18/2016,673.2
7/17/2016,675.45
7/16/2016,663.19
7/15/2016,664.57
7/14/2016,658.83
7/13/2016,664.5
7/12/2016,672.76
7/11/2016,647.98
7/10/2016,647.41
7/9/2016,651.86
7/8/2016,659.55
7/7/2016,673.76
7/6/2016,673.78
7/5/2016,666.48
7/4/2016,656.97
7/3/2016,658.41
7/2/2016,701.71
7/1/2016,667.95
6/30/2016,671.4
6/29/2016,637.95
6/28/2016,651.85
6/27/2016,646.7
6/26/2016,627.39
6/25/2016,665
6/24/2016,660.6
6/23/2016,624.54
6/22/2016,664.46
6/21/2016,665.95
6/20/2016,729.19
6/19/2016,751.96
6/18/2016,754.36
6/17/2016,743.91
6/16/2016,693.88
6/15/2016,692.28
6/14/2016,685.24
6/13/2016,665.85
6/12/2016,664.8465
6/11/2016,594.4399875
6/10/2016,574.32
6/9/2016,575.2941375
6/8/2016,578.68
6/7/2016,583.72
6/6/2016,584.5
6/5/2016,574.02
6/4/2016,567.88
6/3/2016,568
6/2/2016,539.99
6/1/2016,531.97
5/31/2016,531.15
5/30/2016,525.15
5/29/2016,526.64
5/28/2016,522.43
5/27/2016,470.29
5/26/2016,448.7
5/25/2016,447.94
5/24/2016,445.34
5/23/2016,438.47
5/22/2016,438
5/21/2016,443.89
5/20/2016,436.05
5/19/2016,441.87
5/18/2016,452.9
5/17/2016,454
5/16/2016,454.88
5/15/2016,457.08
5/14/2016,455.82
5/13/2016,456.82
5/12/2016,454.7
5/11/2016,450.78
5/10/2016,450
5/9/2016,461.63
5/8/2016,459.02
5/7/2016,459.04
5/6/2016,460.91
5/5/2016,446.84
5/4/2016,447.37
5/3/2016,450.96
5/2/2016,453
5/1/2016,451.9
4/30/2016,447.17
4/29/2016,449.98
4/28/2016,450
4/27/2016,447.31
4/26/2016,462.5
4/25/2016,463.86
4/24/2016,459.4
4/23/2016,447.7
4/22/2016,447.25
4/21/2016,451
4/20/2016,435.95
4/19/2016,435.91
4/18/2016,427.28
4/17/2016,430.58
4/16/2016,429.43
4/15/2016,429.09
4/14/2016,423.87
4/13/2016,424.61
4/12/2016,425.89
4/11/2016,420.75
4/10/2016,421.63
4/9/2016,417.73
4/8/2016,419.95
4/7/2016,420.33
4/6/2016,421.09
4/5/2016,419.71
4/4/2016,418.99
4/3/2016,418.07
4/2/2016,416.31
4/1/2016,416.25
3/31/2016,416.94
3/30/2016,415.83
3/29/2016,414
3/28/2016,422.96
3/27/2016,416.96
3/26/2016,415.71
3/25/2016,416.44
3/24/2016,417.96
3/23/2016,417.8
3/22/2016,415.35
3/21/2016,411.81
3/20/2016,410.77
3/19/2016,405.59
3/18/2016,418.49
3/17/2016,418.64
3/16/2016,415.99
3/15/2016,414.99
3/14/2016,414.78
3/13/2016,413.89
3/12/2016,420.11
3/11/2016,421.22
3/10/2016,416
3/9/2016,412.15
3/8/2016,412.39
3/7/2016,411.94
3/6/2016,399.17
3/5/2016,401
3/4/2016,416.48
3/3/2016,422.5
3/2/2016,429.99
3/1/2016,431.87
2/29/2016,431.89
2/28/2016,433.47
2/27/2016,432
2/26/2016,423.46
2/25/2016,421.4
2/24/2016,423.1
2/23/2016,436.76
2/22/2016,438.5
2/21/2016,434.67
2/20/2016,419.98
2/19/2016,418.02
2/18/2016,418.97
2/17/2016,407
2/16/2016,406.69
2/15/2016,402.64
2/14/2016,389.88
2/13/2016,388.6
2/12/2016,381.46
2/11/2016,379.14
2/10/2016,378.98
2/9/2016,372.61
2/8/2016,375
2/7/2016,373.74
2/6/2016,373.04
2/5/2016,388
2/4/2016,385.06
2/3/2016,368.38
2/2/2016,371.99
2/1/2016,372
1/31/2016,376.86
1/30/2016,378.18
1/29/2016,377.26
1/28/2016,382.44
1/27/2016,391.66
1/26/2016,394.12
1/25/2016,387.09
1/24/2016,385.09
1/23/2016,388.5
1/22/2016,385.7
1/21/2016,420.35
1/20/2016,408.33
1/19/2016,378.66
1/18/2016,380.16
1/17/2016,385.45
1/16/2016,370.4
1/15/2016,429.55
1/14/2016,431.9
1/13/2016,429.57
1/12/2016,447.98
1/11/2016,447.11
1/10/2016,446.24
1/9/2016,452.64
1/8/2016,447.04
1/7/2016,453.71
1/6/2016,432.43
1/5/2016,431.9
1/4/2016,433
1/3/2016,432.76
1/2/2016,433.94
1/1/2016,432.33
12/31/2015,428.23
12/30/2015,428
12/29/2015,431.13
12/28/2015,422.42
12/27/2015,418.46
12/26/2015,417.99
12/25/2015,456
12/24/2015,453.95
12/23/2015,441.4
12/22/2015,438.35
12/21/2015,438.7
12/20/2015,434.98
12/19/2015,463
12/18/2015,458.95
12/17/2015,453.39
12/16/2015,463.98
12/15/2015,459.48
12/14/2015,445.6
12/13/2015,436.2
12/12/2015,426.06
12/11/2015,444.29
12/10/2015,416.49
12/9/2015,414.01
12/8/2015,394.99
12/7/2015,387.3
12/6/2015,390.04
12/5/2015,390.04
12/4/2015,361.47
12/3/2015,362.49
12/2/2015,360.98
12/1/2015,377.27
11/30/2015,372.53
11/29/2015,363.98
11/28/2015,358
11/27/2015,359.54
11/26/2015,348
11/25/2015,319.64
11/24/2015,321.1
11/23/2015,324.49
11/22/2015,326.31
11/21/2015,325.56
11/20/2015,320.62
11/19/2015,333.66
11/18/2015,334.46
11/17/2015,335.95
11/16/2015,318.97
11/15/2015,322.33
11/14/2015,331.9
11/13/2015,340.81
11/12/2015,331.6
11/11/2015,309.9
11/10/2015,380.62
11/9/2015,378.8
11/8/2015,381.51
11/7/2015,373.69
11/6/2015,388.38
11/5/2015,400
11/4/2015,404.5
11/3/2015,409
11/2/2015,340.69
11/1/2015,310.18
10/31/2015,310.92
10/30/2015,329.2
10/29/2015,304.79
10/28/2015,298.95
10/27/2015,294.73
10/26/2015,282.8
10/25/2015,295.01
10/24/2015,279.9
10/23/2015,274.35
10/22/2015,273.95
10/21/2015,269.1
10/20/2015,263.59
10/19/2015,264.16
10/18/2015,262.44
10/17/2015,262.26
10/16/2015,269.07
10/15/2015,262.31
10/14/2015,249.98
10/13/2015,254.6
10/12/2015,249.58
10/11/2015,245.72
10/10/2015,248.08
10/9/2015,245.79
10/8/2015,243.01
10/7/2015,243.91
10/6/2015,245.25
10/5/2015,238.4
10/4/2015,239.22
10/3/2015,239.47
10/2/2015,238.03
10/1/2015,237.78
9/30/2015,238.98
9/29/2015,239.14
9/28/2015,237.68
9/27/2015,238.94
9/26/2015,235.22
9/25/2015,235.79
9/24/2015,233.9
9/23/2015,230.42
9/22/2015,229.43
9/21/2015,226.56
9/20/2015,230.25
9/19/2015,230.71
9/18/2015,232.99
9/17/2015,228.33
9/16/2015,227.86
9/15/2015,230
9/14/2015,230
9/13/2015,229.86
9/12/2015,235.13
9/11/2015,238.81
9/10/2015,239.68
9/9/2015,240.08
9/8/2015,240.47
9/7/2015,241.31
9/6/2015,240.2
9/5/2015,230.73
9/4/2015,230.8
9/3/2015,227.42
9/2/2015,227.97
9/1/2015,228.32
8/31/2015,230.94
8/30/2015,229.63
8/29/2015,228.22
8/28/2015,234.17
8/27/2015,225.04
8/26/2015,228.84
8/25/2015,222.02
8/24/2015,228.14
8/23/2015,228.68
8/22/2015,226.04
8/21/2015,235.31
8/20/2015,233.23
8/19/2015,233.29
8/18/2015,256.66
8/17/2015,257.45
8/16/2015,257.47
8/15/2015,265.93
8/14/2015,265.41
8/13/2015,266.99
8/12/2015,270.98
8/11/2015,267.89
8/10/2015,265.85
8/9/2015,262.22
8/8/2015,265.42
8/7/2015,269.89
8/6/2015,281
8/5/2015,277.1
8/4/2015,282.69
8/3/2015,282.26
8/2/2015,284.39
8/1/2015,280.69
7/31/2015,288.45
7/30/2015,284.78
7/29/2015,287.56
7/28/2015,293.93
7/27/2015,295.24
7/26/2015,290.79
7/25/2015,289
7/24/2015,287.12
7/23/2015,287.3
7/22/2015,276.76
7/21/2015,277.54
7/20/2015,278.97
7/19/2015,276.74
7/18/2015,276.09
7/17/2015,278.08
7/16/2015,285.66
7/15/2015,275.76
7/14/2015,290.95
7/13/2015,310.55
7/12/2015,289.9
7/11/2015,309.3
7/10/2015,269
7/9/2015,286.98
7/8/2015,270.68
7/7/2015,268.53
7/6/2015,267.26
7/5/2015,273.37
7/4/2015,256.12
7/3/2015,257.92
7/2/2015,255.1
7/1/2015,262.43
6/30/2015,257.85
6/29/2015,262.53
6/28/2015,251.21
6/27/2015,248.76
6/26/2015,248.5
6/25/2015,240.2
6/24/2015,241.92
6/23/2015,240.64
6/22/2015,243.55
6/21/2015,246.35
6/20/2015,242.47
6/19/2015,248.26
6/18/2015,246.45
6/17/2015,248.25
6/16/2015,236
6/15/2015,245.35
6/14/2015,236.46
6/13/2015,229.6
6/12/2015,230.22
6/11/2015,229.98
6/10/2015,228.88
6/9/2015,228.01
6/8/2015,230.1
6/7/2015,224.99
6/6/2015,222.6
6/5/2015,224.49
6/4/2015,225.4
6/3/2015,225.54
6/2/2015,226.29
6/1/2015,228.34
5/31/2015,222.4
5/30/2015,231.95
5/29/2015,236.44
5/28/2015,235.87
5/27/2015,236.48
5/26/2015,235.59
5/25/2015,235.94
5/24/2015,235.65
5/23/2015,238.8
5/22/2015,238.77
5/21/2015,240.5
5/20/2015,231.4
5/19/2015,234.6
5/18/2015,232.04
5/17/2015,236.63
5/16/2015,235.78
5/15/2015,236.63
5/14/2015,235.97
5/13/2015,238.32
5/12/2015,242.72
5/11/2015,239.11
5/10/2015,244.19
5/9/2015,239.35
5/8/2015,237.16
5/7/2015,244.72
5/6/2015,233.99
5/5/2015,238.25
5/4/2015,234.66
5/3/2015,236.17
5/2/2015,230.97
5/1/2015,234.13
4/30/2015,233.43
4/29/2015,225.2
4/28/2015,225.69
4/27/2015,222.66
4/26/2015,226.29
4/25/2015,218.42
4/24/2015,228.6
4/23/2015,233.59
4/22/2015,235.48
4/21/2015,237.34
4/20/2015,222.61
4/19/2015,224.63
4/18/2015,225.72
4/17/2015,227.5
4/16/2015,222.67
4/15/2015,229.62
4/14/2015,223.01
4/13/2015,216
4/12/2015,225.99
4/11/2015,236
4/10/2015,236.7
4/9/2015,235.71
4/8/2015,253.9
4/7/2015,245.89
4/6/2015,255.48
4/5/2015,253.67
4/4/2015,257.03
4/3/2015,253.77
4/2/2015,246.49
4/1/2015,252.44
3/31/2015,242.7
3/30/2015,242.34
3/29/2015,245.18
3/28/2015,244.05
3/27/2015,249.23
3/26/2015,248.63
3/25/2015,251.98
3/24/2015,265.99
3/23/2015,247.83
3/22/2015,266.07
3/21/2015,262.1
3/20/2015,257.83
3/19/2015,259.8
3/18/2015,284.48
3/17/2015,265.85
3/16/2015,287.02
3/15/2015,282.2
3/14/2015,283.57
3/13/2015,284.21
3/12/2015,296.56
3/11/2015,297.39
3/10/2015,293.29
3/9/2015,275
3/8/2015,287.48
3/7/2015,273.87
3/6/2015,273.11
3/5/2015,272.12
3/4/2015,265.63
3/3/2015,275.87
3/2/2015,275.8
3/1/2015,263.81
2/28/2015,252.11
2/27/2015,252.98
2/26/2015,254
2/25/2015,239.94
2/24/2015,238.59
2/23/2015,240.1
2/22/2015,245.41
2/21/2015,236
2/20/2015,245.66
2/19/2015,237.44
2/18/2015,241.59
2/17/2015,234.87
2/16/2015,234.18
2/15/2015,235.86
2/14/2015,243.99
2/13/2015,222.33
2/12/2015,239.94
2/11/2015,221.83
2/10/2015,219.93
2/9/2015,220.16
2/8/2015,220.39
2/7/2015,222.36
2/6/2015,225.16
2/5/2015,220.47
2/4/2015,227.53
2/3/2015,222.56
2/2/2015,236.51
2/1/2015,219.25
1/31/2015,220.72
1/30/2015,229.7
1/29/2015,236.2
1/28/2015,233.19
1/27/2015,249.25
1/26/2015,254.32
1/25/2015,271.47
1/24/2015,247.11
1/23/2015,233.51
1/22/2015,233.03
1/21/2015,233.9
1/20/2015,216.01
1/19/2015,212.99
1/18/2015,212.39
1/17/2015,208.13
1/16/2015,197.12
1/15/2015,205.35
1/14/2015,222
1/13/2015,176.5
1/12/2015,230.89
1/11/2015,275.97
1/10/2015,272.25
1/9/2015,278
1/8/2015,297.99
1/7/2015,276.8
1/6/2015,276.8
1/5/2015,263.17
1/4/2015,276.8
1/3/2015,270.93
1/2/2015,314.81
1/1/2015,316.15
12/31/2014,315.7
12/30/2014,313.4
12/29/2014,313.09
12/28/2014,314.49
12/27/2014,329.94
12/26/2014,314.45
12/25/2014,328.09
12/24/2014,336.95
12/23/2014,327.59
12/22/2014,336.96
12/21/2014,331.52
12/20/2014,326.93
12/19/2014,325.7
12/18/2014,321.34
12/17/2014,317.7
12/16/2014,318.2
12/15/2014,357.8
12/14/2014,352.15
12/13/2014,353.28
12/12/2014,348.97
12/11/2014,355.08
12/10/2014,356.1
12/9/2014,362.99
12/8/2014,350.29
12/7/2014,367.01
12/6/2014,376
12/5/2014,374.05
12/4/2014,373.98
12/3/2014,379.62
12/2/2014,378.25
12/1/2014,381.93
11/30/2014,375.59
11/29/2014,375.96
11/28/2014,377.22
11/27/2014,366.86
11/26/2014,372.62
11/25/2014,371.44
11/24/2014,367.12
11/23/2014,384
11/22/2014,362.99
11/21/2014,356.47
11/20/2014,356.9
11/19/2014,361.7
11/18/2014,388.87
11/17/2014,379.91
11/16/2014,378.48
11/15/2014,399.11
11/14/2014,373.14
11/13/2014,396.56
11/12/2014,369.41
11/11/2014,430.07
11/10/2014,365.04
11/9/2014,346.94
11/8/2014,356.34
11/7/2014,345.84
11/6/2014,338.63
11/5/2014,347.96
11/4/2014,341.99
11/3/2014,324.36
11/2/2014,325.81
11/1/2014,326.41
10/31/2014,345.3
10/30/2014,340.95
10/29/2014,337
10/28/2014,350.9
10/27/2014,354.94
10/26/2014,356.5
10/25/2014,358.49
10/24/2014,348.89
10/23/2014,358.46
10/22/2014,385.89
10/21/2014,385.1
10/20/2014,387
10/19/2014,391
10/18/2014,388.99
10/17/2014,389.68
10/16/2014,394.84
10/15/2014,378.02
10/14/2014,394
10/13/2014,380.8
10/12/2014,381.46
10/11/2014,364.83
10/10/2014,363.61
10/9/2014,358.97
10/8/2014,378.94
10/7/2014,327.61
10/6/2014,330.7
10/5/2014,331.2
10/4/2014,358.9
10/3/2014,336
10/2/2014,363.75
10/1/2014,390.18
9/30/2014,385.27
9/29/2014,382.67
9/28/2014,400.39
9/27/2014,380
9/26/2014,400.74
9/25/2014,423.68
9/24/2014,408.08
9/23/2014,431.91
9/22/2014,401.15
9/21/2014,400.98
9/20/2014,406.3
9/19/2014,425.56
9/18/2014,398.89
9/17/2014,428.19
9/16/2014,470.83
9/15/2014,468
9/14/2014,475.3
9/13/2014,474.62
9/12/2014,479.86
9/11/2014,470.43
9/10/2014,473.35
9/9/2014,485.03
9/8/2014,466.48
9/7/2014,479.59
9/6/2014,480.62
9/5/2014,481.09
9/4/2014,474.5
9/3/2014,486
9/2/2014,472.76
9/1/2014,478.87
8/31/2014,482.59
8/30/2014,477.98
8/29/2014,506.61
8/28/2014,511.99
8/27/2014,509.39
8/26/2014,501.55
8/25/2014,512.79
8/24/2014,503.79
8/23/2014,515.69
8/22/2014,503.88
8/21/2014,518.25
8/20/2014,490
8/19/2014,507.3
8/18/2014,487.5
8/17/2014,523.88
8/16/2014,491.88
8/15/2014,509
8/14/2014,549.98
8/13/2014,521.66
8/12/2014,550.14
8/11/2014,590.74
8/10/2014,578.97
8/9/2014,588.99
8/8/2014,585.02
8/7/2014,589.3
8/6/2014,587.24
8/5/2014,588.5
8/4/2014,580.21
8/3/2014,593.94
8/2/2014,595.76
8/1/2014,591.59
7/31/2014,601.94
7/30/2014,585.5
7/29/2014,573.48
7/28/2014,581.5
7/27/2014,595.9
7/26/2014,592.51
7/25/2014,595.88
7/24/2014,620.43
7/23/2014,601.18
7/22/2014,622.01
7/21/2014,627
7/20/2014,619.14
7/19/2014,623.77
7/18/2014,625.8
7/17/2014,629.86
7/16/2014,626
7/15/2014,621.21
7/14/2014,623.17
7/13/2014,622.8
7/12/2014,634
7/11/2014,631.98
7/10/2014,630.31
7/9/2014,624.97
7/8/2014,624.84
7/7/2014,623.7
7/6/2014,631
7/5/2014,634.49
7/4/2014,632.78
7/3/2014,650.49
7/2/2014,644.04
7/1/2014,654
6/30/2014,599.99
6/29/2014,620
6/28/2014,596
6/27/2014,577.34
6/26/2014,588.97
6/25/2014,569
6/24/2014,588.25
6/23/2014,585.54
6/22/2014,591.5
6/21/2014,593.48
6/20/2014,590.99
6/19/2014,593.33
6/18/2014,608
6/17/2014,604.6
6/16/2014,597.65
6/15/2014,572.28
6/14/2014,560.49
6/13/2014,557.92
6/12/2014,624.97
6/11/2014,617
6/10/2014,639.99
6/9/2014,657.11
6/8/2014,650.93
6/7/2014,652
6/6/2014,661.48
6/5/2014,655.75
6/4/2014,658.72
6/3/2014,662
6/2/2014,673.9
6/1/2014,631.49
5/31/2014,621.3
5/30/2014,620.45
5/29/2014,609.03
5/28/2014,572.7
5/27/2014,574.33
5/26/2014,581.87
5/25/2014,527.91
5/24/2014,575
5/23/2014,521.52
5/22/2014,493.97
5/21/2014,523.84
5/20/2014,494.87
5/19/2014,446.89
5/18/2014,446.42
5/17/2014,447.14
5/16/2014,446.53
5/15/2014,449.51
5/14/2014,448.99
5/13/2014,442.45
5/12/2014,438.95
5/11/2014,441.5
5/10/2014,449
5/9/2014,452.42
5/8/2014,452.02
5/7/2014,428.01
5/6/2014,446.65
5/5/2014,430.33
5/4/2014,440
5/3/2014,436.21
5/2/2014,434.5
5/1/2014,452.03
4/30/2014,460.01
4/29/2014,449
4/28/2014,438.8
4/27/2014,447
4/26/2014,440.1
4/25/2014,502.15
4/24/2014,459.15
4/23/2014,491.6
4/22/2014,498.38
4/21/2014,493.33
4/20/2014,496.5
4/19/2014,482.11
4/18/2014,499.9
4/17/2014,479.98
4/16/2014,523
4/15/2014,511.5
4/14/2014,489.91
4/13/2014,423.37
4/12/2014,405
4/11/2014,424.98
4/10/2014,441.93
4/9/2014,401
4/8/2014,443.1
4/7/2014,458
4/6/2014,447.74
4/5/2014,459.67
4/4/2014,448.72
4/3/2014,446.01
4/2/2014,446.31
4/1/2014,457.49
3/31/2014,479.51
3/30/2014,457
3/29/2014,499.6
3/28/2014,499.94
3/27/2014,503
3/26/2014,585.79
3/25/2014,585.7
3/24/2014,580.02
3/23/2014,563.01
3/22/2014,567.13
3/21/2014,557
3/20/2014,611.2
3/19/2014,590
3/18/2014,608.41
3/17/2014,634.99
3/16/2014,624.7
3/15/2014,634.94
3/14/2014,641.01
3/13/2014,636.47
3/12/2014,642.61
3/11/2014,629.33
3/10/2014,622.9
3/9/2014,621.99
3/8/2014,631.99
3/7/2014,609
3/6/2014,621.3
3/5/2014,673.28
3/4/2014,664.85
3/3/2014,677.61
3/2/2014,567.48
3/1/2014,559.88
2/28/2014,571.5
2/27/2014,585.21
2/26/2014,585.17
2/25/2014,585.38
2/24/2014,611.05
2/23/2014,545
2/22/2014,626.77
2/21/2014,563
2/20/2014,566.16
2/19/2014,582.7
2/18/2014,629.96
2/17/2014,626.77
2/16/2014,642
2/15/2014,670.29
2/14/2014,651.42
2/13/2014,672.1
2/12/2014,675.1
2/11/2014,667.01
2/10/2014,670
2/9/2014,680.8
2/8/2014,710
2/7/2014,707
2/6/2014,781
2/5/2014,778
2/4/2014,800
2/3/2014,814.34
2/2/2014,813.8
2/1/2014,819.57
1/31/2014,800
1/30/2014,802.5
1/29/2014,799.37
1/28/2014,747.57
1/27/2014,800.2
1/26/2014,777
1/25/2014,780.02
1/24/2014,806
1/23/2014,789.1
1/22/2014,824.78
1/21/2014,813.05
1/20/2014,822.56
1/19/2014,811.2
1/18/2014,833
1/17/2014,801.53
1/16/2014,841.83
1/15/2014,830.9
1/14/2014,847.7
1/13/2014,844.04
1/12/2014,807.83
1/11/2014,851
1/10/2014,826.28
1/9/2014,827.46
1/8/2014,809.17
1/7/2014,915.69
1/6/2014,867.38
1/5/2014,934.21
1/4/2014,807.39
1/3/2014,822.38
1/2/2014,806.21
1/1/2014,732
12/31/2013,746.9
12/30/2013,731
12/29/2013,715
12/28/2013,714.79
12/27/2013,701.61
12/26/2013,679.02
12/25/2013,734.42
12/24/2013,658.07
12/23/2013,614.11
12/22/2013,639.9
12/21/2013,637
12/20/2013,685.3
12/19/2013,660
12/18/2013,653
12/17/2013,690
12/16/2013,702.05
12/15/2013,709
12/14/2013,885
12/13/2013,864.7
12/12/2013,874
12/11/2013,978.76
12/10/2013,886.2
12/9/2013,936.98
12/8/2013,705.91
12/7/2013,722.99
12/6/2013,727.29
12/5/2013,1136.9
12/4/2013,1028.34
12/3/2013,1151
12/2/2013,955.01
12/1/2013,992.27
11/30/2013,970
11/29/2013,1014.1
11/28/2013,1083.9
11/27/2013,1009
11/26/2013,814.56
11/25/2013,844.9
11/24/2013,814
11/23/2013,795
11/22/2013,837.99
11/21/2013,761
11/20/2013,547
11/19/2013,595
11/18/2013,559.99
11/17/2013,437.24
11/16/2013,463
11/15/2013,433.53
11/14/2013,393
11/13/2013,416.5
11/12/2013,391.64
11/11/2013,328
11/10/2013,339.38
11/9/2013,296.91
11/8/2013,291.02
11/7/2013,325.56
11/6/2013,292.32
11/5/2013,229.95
11/4/2013,246.63
11/3/2013,225.1
11/2/2013,203
11/1/2013,204.15
10/31/2013,203.24
10/30/2013,216
10/29/2013,203.39
10/28/2013,202.09
10/27/2013,179.56
10/26/2013,189.06
10/25/2013,179.71
10/24/2013,203.7
10/23/2013,195.78
10/22/2013,199.95
10/21/2013,186.12
10/20/2013,177.07
10/19/2013,165.71
10/18/2013,143.94
10/17/2013,150.59
10/16/2013,143.33
10/15/2013,135.17
10/14/2013,139.24
10/13/2013,135.69
10/12/2013,127.41
10/11/2013,127.53
10/10/2013,126.84
10/9/2013,124.12
10/8/2013,126.08
10/7/2013,123.84
10/6/2013,121.2
10/5/2013,121.6
10/4/2013,121.51
10/3/2013,103.85
10/2/2013,116.95
10/1/2013,104.47
9/30/2013,127.01
9/29/2013,125.8
9/28/2013,128.1
9/27/2013,124.65
9/26/2013,125.6
9/25/2013,123.85
9/24/2013,122.65
9/23/2013,122.59
9/22/2013,123.02
9/21/2013,123.04
9/20/2013,123.5
9/19/2013,123.98
9/18/2013,139.15
9/17/2013,127.23
9/16/2013,127.56
9/15/2013,124.05
9/14/2013,125.46
9/13/2013,124.32
9/12/2013,126.54
9/11/2013,128.45
9/10/2013,124.1
9/9/2013,118.18
9/8/2013,121.66
9/7/2013,118.51
9/6/2013,122.63
9/5/2013,122.44
9/4/2013,124.51
9/3/2013,130.09
9/2/2013,130.45
9/1/2013,131.03
8/31/2013,124.84
8/30/2013,132.75
8/29/2013,124.79
8/28/2013,117.72
8/27/2013,119.25
8/26/2013,117.52
8/25/2013,109.04
8/24/2013,112.9
8/23/2013,108.79
8/22/2013,110.43
8/21/2013,111.01
8/20/2013,109.75
8/19/2013,99.3
8/18/2013,102.07
8/17/2013,99.02
8/16/2013,98.08
8/15/2013,98.51
8/14/2013,98.28
8/13/2013,106.64
8/12/2013,107.29884
8/11/2013,104.99498
8/10/2013,102.8
8/9/2013,102.61802
8/8/2013,102.3
8/7/2013,106.56
8/6/2013,105.6
8/5/2013,106.88378
8/4/2013,104.95
8/3/2013,104.67459
8/2/2013,103.80001
8/1/2013,106.2
7/31/2013,104.19
7/30/2013,104.95555
7/29/2013,98.7
7/28/2013,101.04202
7/27/2013,99.00001
7/26/2013,97
7/25/2013,96.39475
7/24/2013,96.2
7/23/2013,91.99
7/22/2013,95.396
7/21/2013,91.788
7/20/2013,92
7/19/2013,91.8775
7/18/2013,93.41082
7/17/2013,97.05
7/16/2013,97.97
7/15/2013,97.01
7/14/2013,98
7/13/2013,94.75
7/12/2013,95.995
7/11/2013,87.9
7/10/2013,87.15
7/9/2013,78.58899
7/8/2013,75
7/7/2013,77.64
7/6/2013,70.942
7/5/2013,80.04
7/4/2013,67.85844
7/3/2013,79.8
7/2/2013,87
7/1/2013,89.55
6/30/2013,90.998
6/29/2013,94.65
6/28/2013,95.85301
6/27/2013,96.63498
6/26/2013,103.89
6/25/2013,104.40565
6/24/2013,103.86665
6/23/2013,108.35
6/22/2013,107.68389
6/21/2013,109.09
6/20/2013,107.68
6/19/2013,111.97
6/18/2013,107.835
6/17/2013,99.9
6/16/2013,100.52521
6/15/2013,100
6/14/2013,103.9
6/13/2013,100
6/12/2013,109
6/11/2013,106.1
6/10/2013,108
6/9/2013,104.96851
6/8/2013,111.5
6/7/2013,107.8
6/6/2013,110.29501
6/5/2013,121.42
6/4/2013,122.4051
6/3/2013,120.56663
6/2/2013,129.3
6/1/2013,120.60293
5/31/2013,129.19945
5/30/2013,132.3
5/29/2013,130.99589
5/28/2013,129.97994
5/27/2013,133.5
5/26/2013,132.60997
5/25/2013,134.04701
5/24/2013,126.7
5/23/2013,131.5
5/22/2013,125.67
5/21/2013,122.02
5/20/2013,122.5
5/19/2013,122.65001
5/18/2013,123.32
5/17/2013,123.74995
5/16/2013,124.49
5/15/2013,112
5/14/2013,114.98499
5/13/2013,119
5/12/2013,115.68
5/11/2013,114.32
5/10/2013,115.4
5/9/2013,113.35
5/8/2013,109.56154
5/7/2013,113.95001
5/6/2013,115.98
5/5/2013,120.94999
5/4/2013,117.89001
5/3/2013,103.3
5/2/2013,93.15
5/1/2013,105.00003
4/30/2013,144.54
4/29/2013,139.109
4/28/2013,141.50002
4/27/2013,137
4/26/2013,128.00001
4/25/2013,135.601
4/24/2013,142.5
4/23/2013,153.20019
4/22/2013,136.08099
4/21/2013,127.5
4/20/2013,125
4/19/2013,123.86
4/18/2013,93.9
4/17/2013,96.5
4/16/2013,85.59999
4/15/2013,100
4/14/2013,91
4/13/2013,91
4/12/2013,124.9
4/11/2013,76.488
4/10/2013,123.40098
4/9/2013,186.96
4/8/2013,237.99
4/7/2013,184
4/6/2013,142.1
4/5/2013,142.49765
4/4/2013,143.8
4/3/2013,117.34
4/2/2013,138.79
4/1/2013,108.73
3/31/2013,92.5
3/30/2013,92.50001
3/29/2013,90.99999
3/28/2013,88.8
3/27/2013,93.56701
3/26/2013,88.9
3/25/2013,71.93
3/24/2013,73.88798
3/23/2013,70.1
3/22/2013,70.25
3/21/2013,71.5
3/20/2013,73.8
3/19/2013,52.12
3/18/2013,57.76
3/17/2013,47.65
3/16/2013,46.9
3/15/2013,47.11
3/14/2013,47.25005
3/13/2013,44.32
3/12/2013,46.79999
3/11/2013,45.01771
3/10/2013,46.93
3/9/2013,46.5
3/8/2013,46.01112
3/7/2013,42
3/6/2013,42.49271
3/5/2013,47.5
3/4/2013,34.25
3/3/2013,36.35
3/2/2013,34.10007
3/1/2013,33.36
2/28/2013,34.87799
2/27/2013,33.50001
2/26/2013,30.4
2/25/2013,31.179
2/24/2013,30.25001
2/23/2013,30.52
2/22/2013,29.27998
2/21/2013,30.901
2/20/2013,29.48
2/19/2013,29.81231
2/18/2013,28.78999
2/17/2013,27.39
2/16/2013,25.6083
2/15/2013,27.07009
2/14/2013,24.3
2/13/2013,26.53092
2/12/2013,26.09999
2/11/2013,23.97
2/10/2013,24.1955
2/9/2013,23.61458
2/8/2013,22.15
2/7/2013,22.15
2/6/2013,22.15
2/5/2013,20.99
2/4/2013,20.79
2/3/2013,21.05
2/2/2013,21.25
2/1/2013,21.1
1/31/2013,21.3
1/30/2013,19.78
1/29/2013,19.7
1/28/2013,19.8
1/27/2013,17.71
1/26/2013,17.99999
1/25/2013,17.61926
1/24/2013,17.97
1/23/2013,19.18999
1/22/2013,17.5889
1/21/2013,16.15
1/20/2013,16.98
1/19/2013,15.89
1/18/2013,15.53
1/17/2013,15.985
1/16/2013,15.39
1/15/2013,14.34
1/14/2013,14.47899
1/13/2013,14.3
1/12/2013,14.31
1/11/2013,14.34999
1/10/2013,14.29999
1/9/2013,13.84
1/8/2013,13.87998
1/7/2013,13.83
1/6/2013,13.54
1/5/2013,13.52999
1/4/2013,13.548
1/3/2013,13.42
1/2/2013,13.464
1/1/2013,13.4
12/31/2012,13.57
12/30/2012,13.59
12/29/2012,13.56998
12/28/2012,13.51
12/27/2012,13.6499
12/26/2012,13.47
12/25/2012,13.45
12/24/2012,13.45
12/23/2012,13.45
12/22/2012,13.63
12/21/2012,13.58998
12/20/2012,13.6475
12/19/2012,13.4
12/18/2012,13.399
12/17/2012,13.399
12/16/2012,13.75
12/15/2012,13.66548
12/14/2012,13.7722
12/13/2012,13.8
12/12/2012,13.79989
12/11/2012,13.63999
12/10/2012,13.53
12/9/2012,13.55
12/8/2012,13.53
12/7/2012,13.69
12/6/2012,13.68
12/5/2012,13.6888
12/4/2012,12.75
12/3/2012,12.96675
12/2/2012,12.67901
12/1/2012,12.66
11/30/2012,12.68778
11/29/2012,12.65
11/28/2012,12.5
11/27/2012,12.40712
11/26/2012,12.52999
11/25/2012,12.46
11/24/2012,12.6
11/23/2012,12.4108
11/22/2012,11.9
11/21/2012,12.28
11/20/2012,11.784
11/19/2012,11.82
11/18/2012,11.79998
11/17/2012,11.832
11/16/2012,11.28
11/15/2012,11.8
11/14/2012,11.114
11/13/2012,11.17
11/12/2012,11.129
11/11/2012,11.18
11/10/2012,11.04
11/9/2012,10.95899
11/8/2012,11.07
11/7/2012,10.97
11/6/2012,11.21603
11/5/2012,10.88997
11/4/2012,10.62
11/3/2012,10.68
11/2/2012,10.60097
11/1/2012,11.17
10/31/2012,11.279
10/30/2012,11.14
10/29/2012,10.69
10/28/2012,10.95
10/27/2012,10.61
10/26/2012,11.56
10/25/2012,11.09988
10/24/2012,11.71
10/23/2012,11.86
10/22/2012,12
10/21/2012,11.81
10/20/2012,11.94
10/19/2012,11.85
10/18/2012,11.967
10/17/2012,11.99
10/16/2012,11.99
10/15/2012,11.99
10/14/2012,12.1
10/13/2012,12
10/12/2012,12.137
10/11/2012,12.16
10/10/2012,12.19
10/9/2012,12.15
10/8/2012,12.58
10/7/2012,12.08
10/6/2012,12.7369
10/5/2012,13.07
10/4/2012,12.99
10/3/2012,13.0899
10/2/2012,12.58
10/1/2012,12.88
9/30/2012,12.481
9/29/2012,12.46
9/28/2012,12.49
9/27/2012,12.444
9/26/2012,12.24
9/25/2012,12.28
9/24/2012,12.22909
9/23/2012,12.4
9/22/2012,12.2749
9/21/2012,12.4433
9/20/2012,12.63
9/19/2012,12.68666
9/18/2012,12.61
9/17/2012,11.98
9/16/2012,11.9625
9/15/2012,11.99
9/14/2012,11.48
9/13/2012,11.75
9/12/2012,11.399
9/11/2012,11.14
9/10/2012,11.19401
9/9/2012,11.127
9/8/2012,11.27
9/7/2012,11.21
9/6/2012,11.29
9/5/2012,10.59
9/4/2012,10.57888
9/3/2012,10.5934
9/2/2012,10.36
9/1/2012,10.18999
8/31/2012,10.42
8/30/2012,11.14
8/29/2012,10.937
8/28/2012,11.20999
8/27/2012,10.99
8/26/2012,12.14999
8/25/2012,10.61913
8/24/2012,10.25
8/23/2012,10.25
8/22/2012,10.25
8/21/2012,10.45
8/20/2012,10.29999
8/19/2012,10.5
8/18/2012,15.37
8/17/2012,15.26014
8/16/2012,15.4
8/15/2012,12.3
8/14/2012,12.67
8/13/2012,12.17887
8/12/2012,11.64
8/11/2012,11.765
8/10/2012,11.59788
8/9/2012,11.35
8/8/2012,12
8/7/2012,11.14999
8/6/2012,11.21
8/5/2012,11.29112
8/4/2012,11.1869
8/3/2012,10.12
8/2/2012,11.1188
8/1/2012,9.8
7/31/2012,9.22
7/30/2012,9.44
7/29/2012,9.15
7/28/2012,8.95
7/27/2012,8.93
7/26/2012,8.95
7/25/2012,8.91
7/24/2012,8.76998
7/23/2012,8.96
7/22/2012,9.53
7/21/2012,9
7/20/2012,9.7
7/19/2012,9.37
7/18/2012,9.27491
7/17/2012,9.39899
7/16/2012,7.8
7/15/2012,8.2899
7/14/2012,7.64877
7/13/2012,7.46
7/12/2012,7.9
7/11/2012,7.32
7/10/2012,6.98
7/9/2012,7.239
7/8/2012,6.896
7/7/2012,6.74
7/6/2012,6.75
7/5/2012,6.73449
7/4/2012,6.71
7/3/2012,6.55
7/2/2012,6.765
7/1/2012,6.69
6/30/2012,6.694
6/29/2012,6.693
6/28/2012,6.58
6/27/2012,6.66897
6/26/2012,6.55555
6/25/2012,6.56
6/24/2012,6.44999
6/23/2012,6.5915
6/22/2012,6.8
6/21/2012,6.79962
6/20/2012,6.8
6/19/2012,6.48
6/18/2012,6.53294
6/17/2012,6.4668
6/16/2012,6.27
6/15/2012,6.599
6/14/2012,6.165
6/13/2012,5.76
6/12/2012,5.96
6/11/2012,5.7
6/10/2012,5.68
6/9/2012,5.62
6/8/2012,5.69999
6/7/2012,5.48
6/6/2012,5.529
6/5/2012,5.47
6/4/2012,5.27
6/3/2012,5.2785
6/2/2012,5.26466
6/1/2012,5.21
5/31/2012,5.27
5/30/2012,5.19
5/29/2012,5.16
5/28/2012,5.15889
5/27/2012,5.16
5/26/2012,5.15
5/25/2012,5.149
5/24/2012,5.15
5/23/2012,5.13
5/22/2012,5.16
5/21/2012,5.12
5/20/2012,5.14
5/19/2012,5.15
5/18/2012,5.14291
5/17/2012,5.1
5/16/2012,5.1345
5/15/2012,5.08998
5/14/2012,5.01
5/13/2012,5.036
5/12/2012,4.99888
5/11/2012,5.1
5/10/2012,5.03188
5/9/2012,5.125
5/8/2012,5.1
5/7/2012,5.1
5/6/2012,5.0947
5/5/2012,5.15
5/4/2012,5.1495
5/3/2012,5.15
5/2/2012,5.04
5/1/2012,5.1789
4/30/2012,5
4/29/2012,5.09
4/28/2012,5.0184
4/27/2012,5.1176
4/26/2012,5.16
4/25/2012,5.18
4/24/2012,5.16
4/23/2012,5.3
4/22/2012,5.21799
4/21/2012,5.3287
4/20/2012,5.19
4/19/2012,5.17
4/18/2012,5.19
4/17/2012,4.99
4/16/2012,5.02207
4/15/2012,4.98
4/14/2012,4.97
4/13/2012,5.03
4/12/2012,4.94464
4/11/2012,4.9
4/10/2012,4.8941
4/9/2012,4.9
4/8/2012,4.94
4/7/2012,4.8
4/6/2012,4.98
4/5/2012,4.96
4/4/2012,4.94486
4/3/2012,4.97
4/2/2012,4.97
4/1/2012,5.08
3/31/2012,4.929
3/30/2012,4.85
3/29/2012,4.83
3/28/2012,4.86092
3/27/2012,4.74
3/26/2012,4.74
3/25/2012,4.73793
3/24/2012,4.81
3/23/2012,4.74896
3/22/2012,4.83
3/21/2012,4.95
3/20/2012,4.87
3/19/2012,4.98
3/18/2012,5.4
3/17/2012,5.37998
3/16/2012,5.3998
3/15/2012,5.45
3/14/2012,5.45
3/13/2012,5.4444
3/12/2012,4.98
3/11/2012,4.95915
3/10/2012,4.99
3/9/2012,4.99
3/8/2012,4.9499
3/7/2012,5
3/6/2012,5.04
3/5/2012,5.05
3/4/2012,5.04
3/3/2012,4.94
3/2/2012,4.77995
3/1/2012,4.98888
2/29/2012,4.98
2/28/2012,4.9
2/27/2012,5
2/26/2012,5.05
2/25/2012,5.00073
2/24/2012,5.07
2/23/2012,4.63
2/22/2012,4.92481
2/21/2012,4.54
2/20/2012,4.38
2/19/2012,4.52
2/18/2012,4.33333
2/17/2012,4.74
2/16/2012,4.76998
2/15/2012,4.73368
2/14/2012,5.69
2/13/2012,5.6
2/12/2012,5.72
2/11/2012,5.94
2/10/2012,6
2/9/2012,5.92525
2/8/2012,5.74
2/7/2012,5.8494
2/6/2012,5.70999
2/5/2012,5.99
2/4/2012,5.9625
2/3/2012,6
2/2/2012,5.77
2/1/2012,6.2
1/31/2012,5.638
1/30/2012,5.72
1/29/2012,5.6
1/28/2012,5.76
1/27/2012,6.08
1/26/2012,5.689
1/25/2012,6.2
1/24/2012,6.47
1/23/2012,6.515
1/22/2012,6.45485
1/21/2012,6.57
1/20/2012,6.55
1/19/2012,6.58
1/18/2012,6.97
1/17/2012,6.95
1/16/2012,6.98
1/15/2012,6.81
1/14/2012,6.98999
1/13/2012,6.75
1/12/2012,7.1
1/11/2012,6.997
1/10/2012,7.138
1/9/2012,7.2
1/8/2012,7.2
1/7/2012,7.2
1/6/2012,6.6
1/5/2012,7.22
1/4/2012,6.399
1/3/2012,5.45
1/2/2012,5.29
1/1/2012,5.4999
12/31/2011,4.47
12/30/2011,4.995
12/29/2011,4.3
12/28/2011,4.09
12/27/2011,4.18888
12/26/2011,4.06
12/25/2011,4.06
12/24/2011,4.3897
12/23/2011,3.9499
12/22/2011,4.08
12/21/2011,3.99199
12/20/2011,4.11
12/19/2011,3.36
12/18/2011,3.70036
12/17/2011,3.25
12/16/2011,3.2
12/15/2011,3.23
12/14/2011,3.1933
12/13/2011,3.33
12/12/2011,3.3
12/11/2011,3.34237
12/10/2011,3.04
12/9/2011,3.04
12/8/2011,3.039
12/7/2011,3.06
12/6/2011,3.082
12/5/2011,3.05
12/4/2011,3.1
12/3/2011,2.99
12/2/2011,3.12999
12/1/2011,3
11/30/2011,3.14
11/29/2011,2.959
11/28/2011,2.51
11/27/2011,2.53899
11/26/2011,2.4965
11/25/2011,2.48
11/24/2011,2.56
11/23/2011,2.46
11/22/2011,2.3
11/21/2011,2.35
11/20/2011,2.29
11/19/2011,2.37
11/18/2011,2.3
11/17/2011,2.38998
11/16/2011,2.67
11/15/2011,2.6
11/14/2011,2.69
11/13/2011,3.11
11/12/2011,3.099
11/11/2011,3.11
11/10/2011,3.09
11/9/2011,3
11/8/2011,3.114
11/7/2011,3.04
11/6/2011,3.0289
11/5/2011,3.05
11/4/2011,3.28
11/3/2011,3.21874
11/2/2011,3.299
11/1/2011,3.38
10/31/2011,3.35
10/30/2011,3.388
10/29/2011,3.39
10/28/2011,3.82717
10/27/2011,3.255
10/26/2011,3
10/25/2011,2.876
10/24/2011,3.04
10/23/2011,3.31
10/22/2011,3.36
10/21/2011,3.3
10/20/2011,2.59
10/19/2011,2.42
10/18/2011,2.64999
10/17/2011,3.87
10/16/2011,3.75996
10/15/2011,3.9009
10/14/2011,4.37
10/13/2011,4.11455
10/12/2011,4.45
10/11/2011,4.23
10/10/2011,4.14001
10/9/2011,4.25937
10/8/2011,4.79
10/7/2011,4.594
10/6/2011,4.85
10/5/2011,5.03
10/4/2011,5.025
10/3/2011,5.03
10/2/2011,5.27
10/1/2011,5.16
9/30/2011,5.3
9/29/2011,4.95
9/28/2011,4.809
9/27/2011,4.989
9/26/2011,5.49
9/25/2011,5.46014
9/24/2011,5.5
9/23/2011,5.8
9/22/2011,5.70653
9/21/2011,5.83001
9/20/2011,5.89
9/19/2011,6.795
9/18/2011,5.6
9/17/2011,5.18
9/16/2011,5.022
9/15/2011,5.23
9/14/2011,6.19
9/13/2011,5.990000001
9/12/2011,6.25
9/11/2011,6.49
9/10/2011,7.4
9/9/2011,6.20892
9/8/2011,7.53
9/7/2011,7.31509
9/6/2011,7.59916
9/5/2011,8.56
9/4/2011,8.467
9/3/2011,8.593999999
9/2/2011,8.46
9/1/2011,8.4989
8/31/2011,8.44934
8/30/2011,9.4
8/29/2011,9.15031
8/28/2011,9.4811
8/27/2011,10.01
8/26/2011,9.11
8/25/2011,10.3
8/24/2011,11.47
8/23/2011,11.4
8/22/2011,11.49
8/21/2011,11.75
8/20/2011,11.59
8/19/2011,11.798
8/18/2011,11.39
8/17/2011,11.67
8/16/2011,11.3
8/15/2011,11.4
8/14/2011,11.89
8/13/2011,11.24
8/12/2011,10.35
8/11/2011,9.89520343
8/10/2011,10.4959
8/9/2011,9.66
8/8/2011,12.1
8/7/2011,8.89
8/6/2011,11.42
8/5/2011,11
8/4/2011,11.55
8/3/2011,13.37
8/2/2011,13.1
8/1/2011,13.45
7/31/2011,14.06
7/30/2011,14.8999
7/29/2011,13.8
7/28/2011,14.1
7/27/2011,14
7/26/2011,14.13
7/25/2011,14.16
7/24/2011,14.7399
7/23/2011,13.979999
7/22/2011,13.94
7/21/2011,13.9389
7/20/2011,13.9389
7/19/2011,13.93
7/18/2011,14.7
7/17/2011,13.6901
7/16/2011,14.25
7/15/2011,14.1
7/14/2011,14.3
7/13/2011,14.52
7/12/2011,14.15
7/11/2011,14.63988
7/10/2011,15.16
7/9/2011,15.68
7/8/2011,15
7/7/2011,16.44
7/6/2011,16.25
7/5/2011,16.5
7/4/2011,15.74
7/3/2011,15.85
7/2/2011,15.7
7/1/2011,17.38
6/30/2011,17
6/29/2011,17.5
6/28/2011,17.89
6/27/2011,17.52
6/26/2011,18
6/25/2011,16.95
6/24/2011,17.6
6/23/2011,16.7501
6/22/2011,15.39
6/21/2011,15.05
6/20/2011,15.5
6/19/2011,17.6
6/18/2011,18.8766
6/17/2011,17.2
6/16/2011,19.99
6/15/2011,19.96
6/14/2011,20
6/13/2011,24.87
6/12/2011,24.5
6/11/2011,24.99
6/10/2011,32.34
6/9/2011,35
6/8/2011,31.5
6/7/2011,19.19
6/6/2011,19.06
6/5/2011,19.23
6/4/2011,15.05
6/3/2011,17.41
6/2/2011,14.3
6/1/2011,9.47
5/31/2011,9.391
5/30/2011,9.4998
5/29/2011,8.68
5/28/2011,8.4992
5/27/2011,8.735
5/26/2011,7.95
5/25/2011,9.33
5/24/2011,7.51
5/23/2011,6.81
5/22/2011,7.45
5/21/2011,6.61
5/20/2011,7.28
5/19/2011,7.1
5/18/2011,7.34
5/17/2011,8.47
5/16/2011,8.38901
5/15/2011,8.5
5/14/2011,8.56
5/13/2011,8.9
5/12/2011,8.45
5/11/2011,5.41
5/10/2011,6.065
5/9/2011,5.2
5/8/2011,3.75
5/7/2011,3.9
5/6/2011,3.7
5/5/2011,3.56
5/4/2011,3.5
5/3/2011,3.58
5/2/2011,3.95
5/1/2011,3.495
4/30/2011,4.09
4/29/2011,2.66
4/28/2011,2.7
4/27/2011,2.65
4/26/2011,1.71
4/25/2011,1.73
4/24/2011,1.701
4/23/2011,1.38
4/22/2011,1.549
4/21/2011,1.332
4/20/2011,1.19
4/19/2011,1.1979
4/18/2011,1.19
4/17/2011,1.09
4/16/2011,1.085
4/15/2011,1.095
4/14/2011,0.99
4/13/2011,0.94
4/12/2011,1
4/11/2011,0.76
4/10/2011,0.781
4/9/2011,0.758899
4/8/2011,0.78
4/7/2011,0.799
4/6/2011,0.7677
4/5/2011,0.77
4/4/2011,0.71
4/3/2011,0.79
4/2/2011,0.8
4/1/2011,0.79697
3/31/2011,0.79997
3/30/2011,0.8
3/29/2011,0.795
3/28/2011,0.8
3/27/2011,0.9
3/26/2011,0.8958
3/25/2011,0.905
3/24/2011,0.86
3/23/2011,0.9
3/22/2011,0.85
3/21/2011,0.79
3/20/2011,0.7883
3/19/2011,0.79
3/18/2011,0.87
3/17/2011,0.850617
3/16/2011,0.88
3/15/2011,0.9
3/14/2011,0.899885
3/13/2011,0.9
3/12/2011,0.93
3/11/2011,0.9197
3/10/2011,0.9329
3/9/2011,0.9
3/8/2011,0.883751
3/7/2011,0.9072
3/6/2011,0.92
3/5/2011,0.910445
3/4/2011,0.918901
3/3/2011,0.95
3/2/2011,0.94
3/1/2011,0.9498
2/28/2011,0.96
2/27/2011,0.949231
2/26/2011,0.96
2/25/2011,0.96
2/24/2011,1
2/23/2011,0.9499
2/22/2011,0.88
2/21/2011,0.869499
2/20/2011,0.8796
2/19/2011,1.04
2/18/2011,1.02
2/17/2011,1.05019
2/16/2011,1.08
2/15/2011,1.05019
2/14/2011,1.085
2/13/2011,1.09
2/12/2011,1.08
2/11/2011,1.0899
2/10/2011,0.97
2/9/2011,1.1
2/8/2011,0.935
2/7/2011,0.92
2/6/2011,0.90585
2/5/2011,0.92
2/4/2011,0.78
2/3/2011,0.88
2/2/2011,0.75
2/1/2011,0.61
1/31/2011,0.95
1/30/2011,0.5
1/29/2011,0.45
1/28/2011,0.446
1/27/2011,0.45
1/26/2011,0.43
1/25/2011,0.425
1/24/2011,0.425
1/23/2011,0.43
1/22/2011,0.4443
1/21/2011,0.4299
1/20/2011,0.35
1/19/2011,0.3675
1/18/2011,0.3401
1/17/2011,0.4
1/16/2011,0.4
1/15/2011,0.4
1/14/2011,0.42
1/13/2011,0.45
1/12/2011,0.405
1/11/2011,0.33
1/10/2011,0.329
1/9/2011,0.329
1/8/2011,0.32
1/7/2011,0.322898
1/6/2011,0.322
1/5/2011,0.3
1/4/2011,0.298998
1/3/2011,0.299899
1/2/2011,0.3
1/1/2011,0.299996
12/31/2010,0.299998
12/30/2010,0.3
12/29/2010,0.299999
12/28/2010,0.301
12/27/2010,0.27
12/26/2010,0.265
12/25/2010,0.269999
12/24/2010,0.25
12/23/2010,0.25
12/22/2010,0.25
12/21/2010,0.27
12/20/2010,0.26909
12/19/2010,0.275
12/18/2010,0.25
12/17/2010,0.249
12/16/2010,0.255
12/15/2010,0.23
12/14/2010,0.2468
12/13/2010,0.23
12/12/2010,0.23
12/11/2010,0.228
12/10/2010,0.2275
12/9/2010,0.25
12/8/2010,0.2388
12/7/2010,0.2477
12/6/2010,0.23
12/5/2010,0.225
12/4/2010,0.235
12/3/2010,0.25
12/2/2010,0.2553
12/1/2010,0.25
11/30/2010,0.28
11/29/2010,0.275
11/28/2010,0.279
11/27/2010,0.29
11/26/2010,0.284399
11/25/2010,0.289
11/24/2010,0.29
11/23/2010,0.28299
11/22/2010,0.2879
11/21/2010,0.29
11/20/2010,0.29
11/19/2010,0.289
11/18/2010,0.28
11/17/2010,0.289999
11/16/2010,0.28
11/15/2010,0.3
11/14/2010,0.2828
11/13/2010,0.299
11/12/2010,0.24
11/11/2010,0.251
11/10/2010,0.24
11/9/2010,0.36
11/8/2010,0.3368
11/7/2010,0.37
11/6/2010,0.25
11/5/2010,0.29
11/4/2010,0.2399
11/3/2010,0.21
11/2/2010,0.275
11/1/2010,0.1955
10/31/2010,0.19
10/30/2010,0.199
10/29/2010,0.1919
10/28/2010,0.19
10/27/2010,0.19001
10/26/2010,0.19
10/25/2010,0.18
10/24/2010,0.15
10/23/2010,0.19
10/22/2010,0.11
10/21/2010,0.107
10/20/2010,0.109
10/19/2010,0.1
10/18/2010,0.1024
10/17/2010,0.103
10/16/2010,0.12
10/15/2010,0.109
10/14/2010,0.119
10/13/2010,0.1
10/12/2010,0.095
10/11/2010,0.099
10/10/2010,0.12
10/9/2010,0.12
10/8/2010,0.12001
10/7/2010,0.06
10/6/2010,0.0638
10/5/2010,0.0633
10/4/2010,0.06
10/3/2010,0.062
10/2/2010,0.0614
10/1/2010,0.06
9/30/2010,0.061999
9/29/2010,0.06192
9/28/2010,0.06
9/27/2010,0.06271
9/26/2010,0.062206
9/25/2010,0.06
9/24/2010,0.0624
9/23/2010,0.06281
9/22/2010,0.06
9/21/2010,0.0628
9/20/2010,0.0633
9/19/2010,0.06
9/18/2010,0.062599
9/17/2010,0.0609
9/16/2010,0.15
9/15/2010,0.0619
9/14/2010,0.175
9/13/2010,0.06
9/12/2010,0.06201
9/11/2010,0.064999
9/10/2010,0.06
9/9/2010,0.06201
9/8/2010,0.0624
9/7/2010,0.06
9/6/2010,0.06185
9/5/2010,0.064
9/4/2010,0.06
9/3/2010,0.0613
9/2/2010,0.0634
9/1/2010,0.06
8/31/2010,0.0649
8/30/2010,0.06497
8/29/2010,0.06
8/28/2010,0.0648
8/27/2010,0.065
8/26/2010,0.07
8/25/2010,0.066499
8/24/2010,0.0665
8/23/2010,0.07
8/22/2010,0.066
8/21/2010,0.0664
8/20/2010,0.07
8/19/2010,0.0667
8/18/2010,0.0688
8/17/2010,0
8/16/2010,0.0769
8/15/2010,0
8/14/2010,0
8/13/2010,0
8/12/2010,0
8/11/2010,0
8/10/2010,0
8/9/2010,0
8/8/2010,0
8/7/2010,0
8/6/2010,0
8/5/2010,0
8/4/2010,0
8/3/2010,0
8/2/2010,0
8/1/2010,0
7/31/2010,0
7/30/2010,0
7/29/2010,0
7/28/2010,0
7/27/2010,0
7/26/2010,0
7/25/2010,0
7/24/2010,0
7/23/2010,0
7/22/2010,0
7/21/2010,0
7/20/2010,0
7/19/2010,0
7/18/2010,0
7/17/2010,0
7/16/2010,0
7/15/2010,0
7/14/2010,0
7/13/2010,0
7/12/2010,0
7/11/2010,0
7/10/2010,0
7/9/2010,0
7/8/2010,0
7/7/2010,0
7/6/2010,0
7/5/2010,0
7/4/2010,0
7/3/2010,0
7/2/2010,0
7/1/2010,0
6/30/2010,0
6/29/2010,0
6/28/2010,0
6/27/2010,0
6/26/2010,0
6/25/2010,0
6/24/2010,0
6/23/2010,0
6/22/2010,0
6/21/2010,0
6/20/2010,0
6/19/2010,0
6/18/2010,0
6/17/2010,0
6/16/2010,0
6/15/2010,0
6/14/2010,0
6/13/2010,0
6/12/2010,0
6/11/2010,0
6/10/2010,0
6/9/2010,0
6/8/2010,0
6/7/2010,0
6/6/2010,0
6/5/2010,0
6/4/2010,0
6/3/2010,0
6/2/2010,0
6/1/2010,0
5/31/2010,0
5/30/2010,0
5/29/2010,0
5/28/2010,0
5/27/2010,0
5/26/2010,0
5/25/2010,0
5/24/2010,0
5/23/2010,0
5/22/2010,0
5/21/2010,0
5/20/2010,0
5/19/2010,0
5/18/2010,0
5/17/2010,0
5/16/2010,0
5/15/2010,0
5/14/2010,0
5/13/2010,0
5/12/2010,0
5/11/2010,0
5/10/2010,0
5/9/2010,0
5/8/2010,0
5/7/2010,0
5/6/2010,0
5/5/2010,0
5/4/2010,0
5/3/2010,0
5/2/2010,0
5/1/2010,0
4/30/2010,0
4/29/2010,0
4/28/2010,0
4/27/2010,0
4/26/2010,0
4/25/2010,0
4/24/2010,0
4/23/2010,0
4/22/2010,0
4/21/2010,0
4/20/2010,0
4/19/2010,0
4/18/2010,0
4/17/2010,0
4/16/2010,0
4/15/2010,0
4/14/2010,0
4/13/2010,0
4/12/2010,0
4/11/2010,0
4/10/2010,0
4/9/2010,0
4/8/2010,0
4/7/2010,0
4/6/2010,0
4/5/2010,0
4/4/2010,0
4/3/2010,0
4/2/2010,0
4/1/2010,0
3/31/2010,0
3/30/2010,0
3/29/2010,0
3/28/2010,0
3/27/2010,0
3/26/2010,0
3/25/2010,0
3/24/2010,0
3/23/2010,0
3/22/2010,0
3/21/2010,0
3/20/2010,0
3/19/2010,0
3/18/2010,0
3/17/2010,0
3/16/2010,0
3/15/2010,0
3/14/2010,0
3/13/2010,0
3/12/2010,0
3/11/2010,0
3/10/2010,0
3/9/2010,0
3/8/2010,0
3/7/2010,0
3/6/2010,0
3/5/2010,0
3/4/2010,0
3/3/2010,0
3/2/2010,0
3/1/2010,0
2/28/2010,0
2/27/2010,0
2/26/2010,0
2/25/2010,0
2/24/2010,0
2/23/2010,0
2/22/2010,0
2/21/2010,0
2/20/2010,0
2/19/2010,0
2/18/2010,0
2/17/2010,0
2/16/2010,0
2/15/2010,0
2/14/2010,0
2/13/2010,0
2/12/2010,0
2/11/2010,0
2/10/2010,0
2/9/2010,0
2/8/2010,0
2/7/2010,0
2/6/2010,0
2/5/2010,0
2/4/2010,0
2/3/2010,0
2/2/2010,0
2/1/2010,0
1/31/2010,0
1/30/2010,0
1/29/2010,0
1/28/2010,0
1/27/2010,0
1/26/2010,0
1/25/2010,0
1/24/2010,0
1/23/2010,0
1/22/2010,0
1/21/2010,0
1/20/2010,0
1/19/2010,0
1/18/2010,0
1/17/2010,0
1/16/2010,0
1/15/2010,0
1/14/2010,0
1/13/2010,0
1/12/2010,0
1/11/2010,0
1/10/2010,0
1/9/2010,0
1/8/2010,0
1/7/2010,0
1/6/2010,0
1/5/2010,0
1/4/2010,0
1/3/2010,0
1/2/2010,0
1/1/2010,0
12/31/2009,0
12/30/2009,0
12/29/2009,0
12/28/2009,0
12/27/2009,0
12/26/2009,0
12/25/2009,0
12/24/2009,0
12/23/2009,0
12/22/2009,0
12/21/2009,0
12/20/2009,0
12/19/2009,0
12/18/2009,0
12/17/2009,0
12/16/2009,0
12/15/2009,0
12/14/2009,0
12/13/2009,0
12/12/2009,0
12/11/2009,0
12/10/2009,0
12/9/2009,0
12/8/2009,0
12/7/2009,0
12/6/2009,0
12/5/2009,0
12/4/2009,0
12/3/2009,0
12/2/2009,0
12/1/2009,0
11/30/2009,0
11/29/2009,0
11/28/2009,0
11/27/2009,0
11/26/2009,0
11/25/2009,0
11/24/2009,0
11/23/2009,0
11/22/2009,0
11/21/2009,0
11/20/2009,0
11/19/2009,0
11/18/2009,0
11/17/2009,0
11/16/2009,0
11/15/2009,0
11/14/2009,0
11/13/2009,0
11/12/2009,0
11/11/2009,0
11/10/2009,0
11/9/2009,0
11/8/2009,0
11/7/2009,0
11/6/2009,0
11/5/2009,0
11/4/2009,0
11/3/2009,0
11/2/2009,0
11/1/2009,0
10/31/2009,0
10/30/2009,0
10/29/2009,0
10/28/2009,0
10/27/2009,0
10/26/2009,0
10/25/2009,0
10/24/2009,0
10/23/2009,0
10/22/2009,0
10/21/2009,0
10/20/2009,0
10/19/2009,0
10/18/2009,0
10/17/2009,0
10/16/2009,0
10/15/2009,0
10/14/2009,0
10/13/2009,0
10/12/2009,0
10/11/2009,0
10/10/2009,0
10/9/2009,0
10/8/2009,0
10/7/2009,0
10/6/2009,0
10/5/2009,0
10/4/2009,0
10/3/2009,0
10/2/2009,0
10/1/2009,0
9/30/2009,0
9/29/2009,0
9/28/2009,0
9/27/2009,0
9/26/2009,0
9/25/2009,0
9/24/2009,0
9/23/2009,0
9/22/2009,0
9/21/2009,0
9/20/2009,0
9/19/2009,0
9/18/2009,0
9/17/2009,0
9/16/2009,0
9/15/2009,0
9/14/2009,0
9/13/2009,0
9/12/2009,0
9/11/2009,0
9/10/2009,0
9/9/2009,0
9/8/2009,0
9/7/2009,0
9/6/2009,0
9/5/2009,0
9/4/2009,0
9/3/2009,0
9/2/2009,0
9/1/2009,0
8/31/2009,0
8/30/2009,0
8/29/2009,0
8/28/2009,0
8/27/2009,0
8/26/2009,0
8/25/2009,0
8/24/2009,0
8/23/2009,0
8/22/2009,0
8/21/2009,0
8/20/2009,0
8/19/2009,0
8/18/2009,0
8/17/2009,0
8/16/2009,0
8/15/2009,0
8/14/2009,0
8/13/2009,0
8/12/2009,0
8/11/2009,0
8/10/2009,0
8/9/2009,0
8/8/2009,0
8/7/2009,0
8/6/2009,0
8/5/2009,0
8/4/2009,0
8/3/2009,0
8/2/2009,0
8/1/2009,0
7/31/2009,0
7/30/2009,0
7/29/2009,0
7/28/2009,0
7/27/2009,0
7/26/2009,0
7/25/2009,0
7/24/2009,0
7/23/2009,0
7/22/2009,0
7/21/2009,0
7/20/2009,0
7/19/2009,0
7/18/2009,0
7/17/2009,0
7/16/2009,0
7/15/2009,0
7/14/2009,0
7/13/2009,0
7/12/2009,0
7/11/2009,0
7/10/2009,0
7/9/2009,0
7/8/2009,0
7/7/2009,0
7/6/2009,0
7/5/2009,0
7/4/2009,0
7/3/2009,0
7/2/2009,0
7/1/2009,0
6/30/2009,0
6/29/2009,0
6/28/2009,0
6/27/2009,0
6/26/2009,0
6/25/2009,0
6/24/2009,0
6/23/2009,0
6/22/2009,0
6/21/2009,0
6/20/2009,0
6/19/2009,0
6/18/2009,0
6/17/2009,0
6/16/2009,0
6/15/2009,0
6/14/2009,0
6/13/2009,0
6/12/2009,0
6/11/2009,0
6/10/2009,0
6/9/2009,0
6/8/2009,0
6/7/2009,0
6/6/2009,0
6/5/2009,0
6/4/2009,0
6/3/2009,0
6/2/2009,0
6/1/2009,0
5/31/2009,0
5/30/2009,0
5/29/2009,0
5/28/2009,0
5/27/2009,0
5/26/2009,0
5/25/2009,0
5/24/2009,0
5/23/2009,0
5/22/2009,0
5/21/2009,0
5/20/2009,0
5/19/2009,0
5/18/2009,0
5/17/2009,0
5/16/2009,0
5/15/2009,0
5/14/2009,0
5/13/2009,0
5/12/2009,0
5/11/2009,0
5/10/2009,0
5/9/2009,0
5/8/2009,0
5/7/2009,0
5/6/2009,0
5/5/2009,0
5/4/2009,0
5/3/2009,0
5/2/2009,0
5/1/2009,0
4/30/2009,0
4/29/2009,0
4/28/2009,0
4/27/2009,0
4/26/2009,0
4/25/2009,0
4/24/2009,0
4/23/2009,0
4/22/2009,0
4/21/2009,0
4/20/2009,0
4/19/2009,0
4/18/2009,0
4/17/2009,0
4/16/2009,0
4/15/2009,0
4/14/2009,0
4/13/2009,0
4/12/2009,0
4/11/2009,0
4/10/2009,0
4/9/2009,0
4/8/2009,0
4/7/2009,0
4/6/2009,0
4/5/2009,0
4/4/2009,0
4/3/2009,0
4/2/2009,0
4/1/2009,0
3/31/2009,0
3/30/2009,0
3/29/2009,0
3/28/2009,0
3/27/2009,0
3/26/2009,0
3/25/2009,0
3/24/2009,0
3/23/2009,0
3/22/2009,0
3/21/2009,0
3/20/2009,0
3/19/2009,0
3/18/2009,0
3/17/2009,0
3/16/2009,0
3/15/2009,0
3/14/2009,0
3/13/2009,0
3/12/2009,0
3/11/2009,0
3/10/2009,0
3/9/2009,0
3/8/2009,0
3/7/2009,0
3/6/2009,0
3/5/2009,0
3/4/2009,0
3/3/2009,0
3/2/2009,0
3/1/2009,0
2/28/2009,0
2/27/2009,0
2/26/2009,0
2/25/2009,0
2/24/2009,0
2/23/2009,0
2/22/2009,0
2/21/2009,0
2/20/2009,0
2/19/2009,0
2/18/2009,0
2/17/2009,0
2/16/2009,0
2/15/2009,0
2/14/2009,0
2/13/2009,0
2/12/2009,0
2/11/2009,0
2/10/2009,0
2/9/2009,0
2/8/2009,0
2/7/2009,0
2/6/2009,0
2/5/2009,0
2/4/2009,0
2/3/2009,0
2/2/2009,0
2/1/2009,0
1/31/2009,0
1/30/2009,0
1/29/2009,0
1/28/2009,0
1/27/2009,0
1/26/2009,0
1/25/2009,0
1/24/2009,0
1/23/2009,0
1/22/2009,0
1/21/2009,0
1/20/2009,0
1/19/2009,0
1/18/2009,0
1/17/2009,0
1/16/2009,0
1/15/2009,0
1/14/2009,0
1/13/2009,0
1/12/2009,0
1/11/2009,0
1/10/2009,0
1/9/2009,0
1/8/2009,0
1/7/2009,0
1/6/2009,0
1/5/2009,0
1/4/2009,0
1/3/2009,0
1/2/2009,0
